t,r,y,u,e
0.0,1.0,0.0016666666666666668,1.0,0.9983333333333333
0.05,1.0,0.0033305555555555554,1.0,0.9966694444444445
0.1,1.0,0.004991671296296296,1.0,0.9950083287037037
0.15000000000000002,1.0,0.006650018510802469,1.0,0.9933499814891975
0.2,1.0,0.008305601813284465,1.0,0.9916943981867156
0.25,1.0,0.009958425810262324,1.0,0.9900415741897377
0.30000000000000004,1.0,0.011608495100578554,1.0,0.9883915048994214
0.35000000000000003,1.0,0.013255814275410923,1.0,0.9867441857245891
0.4,1.0,0.014900387918285237,1.0,0.9850996120817148
0.45,1.0,0.016542220605088094,1.0,0.9834577793949119
0.5,1.0,0.018181316904079613,1.0,0.9818186830959204
0.55,1.0,0.019817681375906147,1.0,0.9801823186240939
0.6000000000000001,1.0,0.02145131857361297,1.0,0.9785486814263871
0.65,1.0,0.023082233042656948,1.0,0.976917766957343
0.7000000000000001,1.0,0.024710429320919186,1.0,0.9752895706790808
0.75,1.0,0.026335911938717656,1.0,0.9736640880612824
0.8,1.0,0.027958685418819792,1.0,0.9720413145811803
0.8500000000000001,1.0,0.029578754276455094,1.0,0.9704212457235449
0.9,1.0,0.031196123019327667,1.0,0.9688038769806724
0.9500000000000001,1.0,0.03281079614762879,1.0,0.9671892038523712
1.0,1.0,0.034422778154049406,1.0,0.9655772218459506
1.05,1.0,0.03603207352379266,1.0,0.9639679264762073
1.1,1.0,0.03763868673458634,1.0,0.9623613132654136
1.1500000000000001,1.0,0.039242622256695364,1.0,0.9607573777433046
1.2000000000000002,1.0,0.0408438845529342,1.0,0.9591561154470658
1.25,1.0,0.04244247807867931,1.0,0.9575575219213207
1.3,1.0,0.04403840728188151,1.0,0.9559615927181185
1.35,1.0,0.045631676603078375,1.0,0.9543683233969216
1.4000000000000001,1.0,0.047222290475406575,1.0,0.9527777095245934
1.4500000000000002,1.0,0.04881025332461423,1.0,0.9511897466753858
1.5,1.0,0.050395569569073206,1.0,0.9496044304309268
1.55,1.0,0.05197824361979142,1.0,0.9480217563802086
1.6,1.0,0.0535582798804251,1.0,0.946441720119575
1.6500000000000001,1.0,0.05513568274729106,1.0,0.9448643172527089
1.7000000000000002,1.0,0.05671045660937891,1.0,0.9432895433906211
1.75,1.0,0.05828260584836328,1.0,0.9417173941516367
1.8,1.0,0.059852134838616004,1.0,0.940147865161384
1.85,1.0,0.06141904794721831,1.0,0.9385809520527817
1.9000000000000001,1.0,0.06298334953397294,1.0,0.9370166504660271
1.9500000000000002,1.0,0.06454504395141632,1.0,0.9354549560485836
2.0,1.0,0.06610413554483062,1.0,0.9338958644551694
2.0500000000000003,1.0,0.0676606286522559,1.0,0.9323393713477441
2.1,1.0,0.06921452760450214,1.0,0.9307854723954978
2.15,1.0,0.0707658367251613,1.0,0.9292341632748387
2.2,1.0,0.07231456033061937,1.0,0.9276854396693807
2.25,1.0,0.07386070273006834,1.0,0.9261392972699316
2.3000000000000003,1.0,0.07540426822551823,1.0,0.9245957317744817
2.35,1.0,0.07694526111180904,1.0,0.923054738888191
2.4000000000000004,1.0,0.07848368567662269,1.0,0.9215163143233773
2.45,1.0,0.08001954620049498,1.0,0.919980453799505
2.5,1.0,0.08155284695682749,1.0,0.9184471530431725
2.5500000000000003,1.0,0.08308359221189944,1.0,0.9169164077881006
2.6,1.0,0.08461178622487961,1.0,0.9153882137751204
2.6500000000000004,1.0,0.08613743324783814,1.0,0.9138625667521618
2.7,1.0,0.0876605375257584,1.0,0.9123394624742416
2.75,1.0,0.08918110329654881,1.0,0.9108188967034512
2.8000000000000003,1.0,0.09069913479105457,1.0,0.9093008652089454
2.85,1.0,0.09221463623306948,1.0,0.9077853637669305
2.9000000000000004,1.0,0.0937276118393477,1.0,0.9062723881606523
2.95,1.0,0.09523806581961546,1.0,0.9047619341803845
3.0,1.0,0.09674600237658276,1.0,0.9032539976234173
3.0500000000000003,1.0,0.09825142570595513,1.0,0.9017485742940449
3.1,1.0,0.0997543399964452,1.0,0.9002456600035548
3.1500000000000004,1.0,0.10125474942978446,1.0,0.8987452505702156
3.2,1.0,0.10275265818073483,1.0,0.8972473418192651
3.25,1.0,0.10424807041710027,1.0,0.8957519295828997
3.3000000000000003,1.0,0.10574099029973844,1.0,0.8942590097002616
3.35,1.0,0.10723142198257221,1.0,0.8927685780174278
3.4000000000000004,1.0,0.10871936961260126,1.0,0.8912806303873988
3.45,1.0,0.11020483539344597,0.9999988381194335,0.8897951646065541
3.5,1.0,0.1116878212749229,0.9999963642795997,0.8883121787250771
3.5500000000000003,1.0,0.11316833140395802,0.9999938986959979,0.886831668596042
3.6,1.0,0.11464636992053134,0.9999914413479561,0.8853536300794687
3.6500000000000004,1.0,0.11612194095768853,0.9999889922148486,0.8838780590423114
3.7,1.0,0.11759504864155254,0.9999865512760953,0.8824049513584474
3.75,1.0,0.11906569709133523,0.999984118511162,0.8809343029086648
3.8000000000000003,1.0,0.12053389041934894,0.9999816938995605,0.8794661095806511
3.85,1.0,0.1219996327310181,0.9999792774208478,0.8780003672689819
3.9000000000000004,1.0,0.12346292812489079,0.9999768690546269,0.8765370718751092
3.95,1.0,0.12492378069265021,0.9999744687805461,0.8750762193073498
4.0,1.0,0.1263821945191263,0.9999720765782989,0.8736178054808736
4.05,1.0,0.12783817368230713,0.9999696924276242,0.8721618263176929
4.1000000000000005,1.0,0.12929172225335045,0.9999673163083064,0.8707082777466495
4.15,1.0,0.13074284429659516,0.999964948200174,0.8692571557034048
4.2,1.0,0.1321915438695727,0.9999625880831017,0.8678084561304273
4.25,1.0,0.1336378250230184,0.9999602359370083,0.8663621749769816
4.3,1.0,0.13508169180088314,0.9999578917418576,0.8649183081991169
4.3500000000000005,1.0,0.13652314824034442,0.999955555477658,0.8634768517596556
4.4,1.0,0.13796219837181795,0.9999532271244628,0.862037801628182
4.45,1.0,0.13939884621896886,0.9999509066623695,0.8606011537810312
4.5,1.0,0.1408330957987231,0.9999485940715204,0.8591669042012768
4.55,1.0,0.14226495112127874,0.9999462893321015,0.8577350488787212
4.6000000000000005,1.0,0.1436944161901172,0.9999439924243437,0.8563055838098828
4.65,1.0,0.14512149500201454,0.9999417033285217,0.8548785049979855
4.7,1.0,0.14654619154705278,0.9999394220249544,0.8534538084529473
4.75,1.0,0.14796850980863105,0.9999371484940045,0.8520314901913689
4.800000000000001,1.0,0.1493884537634768,0.9999348827160784,0.8506115462365232
4.8500000000000005,1.0,0.15080602738165705,0.9999326246716269,0.849193972618343
4.9,1.0,0.1522212346265895,0.9999303743411438,0.8477787653734105
4.95,1.0,0.1536340794550538,0.9999281317051671,0.8463659205449462
5.0,1.0,0.15504456581720252,0.9999258967442777,0.8449554341827975
5.050000000000001,1.0,0.15645269765657235,0.9999236694391004,0.8435473023434277
5.1000000000000005,1.0,0.15785847891009525,0.999921449770303,0.8421415210899048
5.15,1.0,0.15926191350810942,0.9999192377185966,0.8407380864918905
5.2,1.0,0.16066300537437048,0.9999170332647354,0.8393369946256295
5.25,1.0,0.16206175842606238,0.9999148363895171,0.8379382415739376
5.300000000000001,1.0,0.16345817657380857,0.9999126470737818,0.8365418234261914
5.3500000000000005,1.0,0.1648522637216829,0.9999104652984125,0.8351477362783171
5.4,1.0,0.16624402376722067,0.9999082910443354,0.8337559762327793
5.45,1.0,0.1676334606014295,0.9999061242925189,0.8323665393985705
5.5,1.0,0.16902057810880042,0.9999039650239745,0.8309794218911996
5.550000000000001,1.0,0.17040538016731868,0.9999018132197555,0.8295946198326813
5.6000000000000005,1.0,0.17178787064847476,0.9998996688609584,0.8282121293515252
5.65,1.0,0.17316805341727518,0.9998975319287214,0.8268319465827249
5.7,1.0,0.17454593233225343,0.9998954024042257,0.8254540676677465
5.75,1.0,0.17592151124548083,0.9998932802686935,0.8240784887545192
5.800000000000001,1.0,0.17729479400257736,0.9998911655033904,0.8227052059974227
5.8500000000000005,1.0,0.17866578444272244,0.9998890580896229,0.8213342155572776
5.9,1.0,0.1800344863986658,0.99988695800874,0.8199655136013342
5.95,1.0,0.18140090369673822,0.9998848652421322,0.8185990963032618
6.0,1.0,0.18276504015686237,0.9998827797712319,0.8172349598431377
6.050000000000001,1.0,0.18412689959256345,0.999880701577513,0.8158731004074365
6.1000000000000005,1.0,0.18548648581098,0.9998786306424909,0.81451351418902
6.15,1.0,0.1868438026128746,0.9998765669477226,0.8131561973871254
6.2,1.0,0.18819885379264448,0.9998745104748067,0.8118011462073556
6.25,1.0,0.18955164313833237,0.9998724612053824,0.8104483568616676
6.300000000000001,1.0,0.19090217443163704,0.9998704191211305,0.809097825568363
6.3500000000000005,1.0,0.19225045144792394,0.9998683842037732,0.807749548552076
6.4,1.0,0.19359647795623586,0.999866356435073,0.8064035220437642
6.45,1.0,0.1949402577193035,0.9998643357968342,0.8050597422806964
6.5,1.0,0.19628179449355618,0.9998623222709009,0.8037182055064438
6.550000000000001,1.0,0.1976210920291322,0.999860315839159,0.8023789079708679
6.6000000000000005,1.0,0.19895815406988954,0.9998583164835345,0.8010418459301105
6.65,1.0,0.2002929843534164,0.999856324185994,0.7997070156465836
6.7,1.0,0.2016255866110416,0.9998543389285448,0.7983744133889584
6.75,1.0,0.20295596456784526,0.9998523606932346,0.7970440354321547
6.800000000000001,1.0,0.2042841219426691,0.9998503894621511,0.7957158780573309
6.8500000000000005,1.0,0.20561006244812702,0.9998484252174228,0.794389937551873
6.9,1.0,0.2069337897906155,0.999846467941218,0.7930662102093845
6.95,1.0,0.20825530767032405,0.9998445176157451,0.7917446923296759
7.0,1.0,0.20957461978124559,0.9998425742232527,0.7904253802187544
7.050000000000001,1.0,0.2108917298111869,0.9998406377460292,0.7891082701888131
7.1000000000000005,1.0,0.21220664144177892,0.9998387081664025,0.7877933585582211
7.15,1.0,0.2135193583484872,0.9998367854667409,0.7864806416515128
7.2,1.0,0.21482988420062216,0.9998348696294518,0.7851701157993778
7.25,1.0,0.2161382226613494,0.9998329606369825,0.7838617773386506
7.300000000000001,1.0,0.2174443773877002,0.9998310584718196,0.7825556226122998
7.3500000000000005,1.0,0.21874835203058152,0.9998291631164894,0.7812516479694185
7.4,1.0,0.22005015023478647,0.999827274553557,0.7799498497652135
7.45,1.0,0.22134977563900454,0.9998253927656274,0.7786502243609954
7.5,1.0,0.22264723187583177,0.9998235177353443,0.7773527681241682
7.550000000000001,1.0,0.22394252257178104,0.9998216494453908,0.776057477428219
7.6000000000000005,1.0,0.22523565134729223,0.9998197878784885,0.7747643486527078
7.65,1.0,0.2265266218167424,0.9998179330173986,0.7734733781832576
7.7,1.0,0.22781543758845604,0.9998160848449205,0.772184562411544
7.75,1.0,0.2291021022647151,0.9998142433438928,0.7708978977352849
7.800000000000001,1.0,0.23038661944176925,0.9998124084971924,0.7696133805582308
7.8500000000000005,1.0,0.23166899270984587,0.9998105802877354,0.7683310072901541
7.9,1.0,0.23294922565316026,0.9998087586984756,0.7670507743468398
7.95,1.0,0.23422732184992567,0.999806943712406,0.7657726781500743
8.0,1.0,0.23550328487236338,0.9998051353125574,0.7644967151276366
8.05,1.0,0.23677711828671277,0.9998033334819991,0.7632228817132872
8.1,1.0,0.2380488256532413,0.9998015382038385,0.7619511743467586
8.15,1.0,0.2393184105262546,0.9997997494612212,0.7606815894737454
8.200000000000001,1.0,0.2405858764541064,0.9997979672373308,0.7594141235458935
8.25,1.0,0.24185122697920852,0.9997961915153888,0.7581487730207914
8.3,1.0,0.24311446563804093,0.9997944222786547,0.756885534361959
8.35,1.0,0.24437559596116157,0.9997926595104256,0.7556244040388385
8.4,1.0,0.24563462147321635,0.9997909031940364,0.7543653785267836
8.450000000000001,1.0,0.2468915456929491,0.9997891533128596,0.7531084543070509
8.5,1.0,0.24814637213321136,0.9997874098503052,0.7518536278667887
8.55,1.0,0.24939910430097237,0.9997856727898209,0.7506008956990277
8.6,1.0,0.2506497456973289,0.9997839421148916,0.7493502543026711
8.65,1.0,0.2518982998175151,0.9997822178090395,0.7481017001824849
8.700000000000001,1.0,0.2531447701509123,0.9997804998558242,0.7468552298490877
8.75,1.0,0.25438916018105884,0.999778788238842,0.7456108398189412
8.8,1.0,0.25563147338565995,0.9997770829417272,0.74436852661434
8.85,1.0,0.2568717132365974,0.9997753839481499,0.7431282867634026
8.9,1.0,0.25810988319993944,0.9997736912418181,0.7418901168000606
8.950000000000001,1.0,0.25934598673595033,0.9997720048064762,0.7406540132640497
9.0,1.0,0.26058002729910024,0.9997703246259054,0.7394199727008998
9.05,1.0,0.26181200833807494,0.9997686506839236,0.7381879916619251
9.1,1.0,0.26304193329578546,0.9997669829643855,0.7369580667042146
9.15,1.0,0.2642698056093778,0.9997653214511821,0.7357301943906223
9.200000000000001,1.0,0.26549562871024257,0.9997636661282407,0.7345043712897574
9.25,1.0,0.2667194060240247,0.9997620169795256,0.7332805939759752
9.3,1.0,0.2679411409706331,0.9997603739890366,0.7320588590293668
9.35,1.0,0.2691608369642501,0.9997587371408105,0.7308391630357499
9.4,1.0,0.2703784974133412,0.9997571064189199,0.7296215025866588
9.450000000000001,1.0,0.27159412572066477,0.9997554818074732,0.7284058742793352
9.5,1.0,0.27280772528328134,0.9997538632906151,0.7271922747167187
9.55,1.0,0.27401929949256343,0.9997522508525265,0.7259807005074366
9.600000000000001,1.0,0.27522885173420486,0.9997506444774233,0.7247711482657951
9.65,1.0,0.27643638538823045,0.9997490441495582,0.7235636146117695
9.700000000000001,1.0,0.27764190382900544,0.999747449853219,0.7223580961709946
9.75,1.0,0.27884541042524497,0.9997458615727289,0.7211545895747551
9.8,1.0,0.2800469085400236,0.9997442792924474,0.7199530914599763
9.850000000000001,1.0,0.28124640153078484,0.9997427029967686,0.7187535984692152
9.9,1.0,0.2824438927493504,0.9997411326701228,0.7175561072506496
9.950000000000001,1.0,0.28363938554192974,0.999739568296975,0.7163606144580703
10.0,1.0,0.2848328832491296,0.9997380098618258,0.7151671167508704
10.05,1.0,0.28602438920596307,0.9997364573492107,0.7139756107940369
10.100000000000001,1.0,0.2872139067418593,0.9997349107437006,0.7127860932581407
10.15,1.0,0.28840143918067274,0.9997333700299011,0.7115985608193273
10.200000000000001,1.0,0.28958698984069237,0.9997318351924533,0.7104130101593076
10.25,1.0,0.2907705620346513,0.9997303062160325,0.7092294379653488
10.3,1.0,0.29195215906973576,0.9997287830853492,0.7080478409302642
10.350000000000001,1.0,0.2931317842475948,0.9997272657851484,0.7068682157524052
10.4,1.0,0.2943094408643491,0.9997257543002102,0.7056905591356508
10.450000000000001,1.0,0.2954851322106008,0.9997242486153486,0.7045148677893992
10.5,1.0,0.29665886157144217,0.9997227487154126,0.7033411384285578
10.55,1.0,0.2978306322264652,0.9997212545852854,0.7021693677735348
10.600000000000001,1.0,0.29900044744977095,0.9997197662098849,0.700999552550229
10.65,1.0,0.3001683105099783,0.9997182835741629,0.6998316894900217
10.700000000000001,1.0,0.30133422467023346,0.9997168066631057,0.6986657753297665
10.75,1.0,0.3024981931882193,0.9997153354617334,0.6975018068117806
10.8,1.0,0.3036602193161641,0.9997138699551005,0.6963397806838358
10.850000000000001,1.0,0.304820306300851,0.9997124101282955,0.695179693699149
10.9,1.0,0.305978457383627,0.9997109559664406,0.6940215426163729
10.950000000000001,1.0,0.3071346758004121,0.9997095074546918,0.6928653241995879
11.0,1.0,0.3082889647817085,0.9997080645782394,0.6917110352182916
11.05,1.0,0.30944132755260945,0.9997066273223069,0.6905586724473906
11.100000000000001,1.0,0.3105917673328087,0.9997051956721514,0.6894082326671913
11.15,1.0,0.31174028733660913,0.9997037696130642,0.6882597126633909
11.200000000000001,1.0,0.3128868907729321,0.9997023491303695,0.6871131092270679
11.25,1.0,0.31403158084532623,0.999700934209425,0.6859684191546738
11.3,1.0,0.31517436075197675,0.9996995248356219,0.6848256392480232
11.350000000000001,1.0,0.31631523368571407,0.9996981209943847,0.683684766314286
11.4,1.0,0.31745420283402315,0.9996967226711713,0.6825457971659769
11.450000000000001,1.0,0.31859127137905224,0.9996953298514721,0.6814087286209478
11.5,1.0,0.31972644249762183,0.9996939425208113,0.6802735575023782
11.55,1.0,0.3208597193612337,0.9996925606647455,0.6791402806387663
11.600000000000001,1.0,0.32199110513607976,0.9996911842688649,0.6780088948639202
11.65,1.0,0.32312060298305095,0.9996898133187921,0.6768793970169491
11.700000000000001,1.0,0.3242482160577462,0.9996884478001826,0.6757517839422538
11.75,1.0,0.32537394751048115,0.9996870876987243,0.6746260524895189
11.8,1.0,0.32649780048629723,0.9996857330001387,0.6735021995137027
11.850000000000001,1.0,0.32761977812497034,0.9996843836901786,0.6723802218750297
11.9,1.0,0.3287398835610198,0.9996830397546306,0.6712601164389802
11.950000000000001,1.0,0.32985811992371694,0.9996817011793129,0.6701418800762831
12.0,1.0,0.3309744903370942,0.9996803679500761,0.6690255096629059
12.05,1.0,0.3320889979199537,0.9996790400528037,0.6679110020800463
12.100000000000001,1.0,0.33320164578587613,0.9996777174734109,0.6667983542141238
12.15,1.0,0.33431243704322944,0.9996764001978453,0.6656875629567706
12.200000000000001,1.0,0.33542137479517753,0.9996750882120867,0.6645786252048225
12.25,1.0,0.3365284621396891,0.9996737815021467,0.6634715378603109
12.3,1.0,0.3376337021695464,0.999672480054069,0.6623662978304536
12.350000000000001,1.0,0.33873709797235374,0.9996711838539292,0.6612629020276463
12.4,1.0,0.3398386526305462,0.9996698928878345,0.6601613473694539
12.450000000000001,1.0,0.3409383692213985,0.9996686071419245,0.6590616307786015
12.5,1.0,0.3420362508170334,0.9996673266023698,0.6579637491829666
12.55,1.0,0.34313230048443066,0.9996660512553732,0.6568676995155693
12.600000000000001,1.0,0.34422652128543524,0.9996647810871686,0.6557734787145648
12.65,1.0,0.3453189162767662,0.9996635160840217,0.6546810837232337
12.700000000000001,1.0,0.3464094885100253,0.9996622562322293,0.6535905114899747
12.75,1.0,0.34749824103170546,0.9996610015181202,0.6525017589682945
12.8,1.0,0.34858517688319934,0.9996597519280539,0.6514148231168007
12.850000000000001,1.0,0.34967029910080805,0.9996585074484213,0.650329700899192
12.9,1.0,0.35075361071574945,0.9996572680656446,0.6492463892842506
12.950000000000001,1.0,0.35183511475416684,0.9996560337661771,0.6481648852458332
13.0,1.0,0.3529148142371374,0.9996548045365026,0.6470851857628626
13.05,1.0,0.35399271218068074,0.9996535803631368,0.6460072878193193
13.100000000000001,1.0,0.3550688115957673,0.9996523612326257,0.6449311884042327
13.15,1.0,0.35614311548832694,0.9996511471315461,0.643856884511673
13.200000000000001,1.0,0.35721562685925723,0.9996499380465059,0.6427843731407428
13.25,1.0,0.35828634870443204,0.9996487339641436,0.6417136512955679
13.3,1.0,0.3593552840147099,0.999647534871128,0.6406447159852902
13.350000000000001,1.0,0.3604224357759423,0.9996463407541591,0.6395775642240578
13.4,1.0,0.36148780696898236,0.9996451515999668,0.6385121930310176
13.450000000000001,1.0,0.3625514005696929,0.9996439673953117,0.6374485994303071
13.5,1.0,0.3636132195489551,0.9996427881269849,0.6363867804510449
13.55,1.0,0.36467326687267654,0.9996416137818078,0.6353267331273235
13.600000000000001,1.0,0.3657315455017998,0.999640444346632,0.6342684544982002
13.65,1.0,0.3667880583923107,0.9996392798083391,0.6332119416076893
13.700000000000001,1.0,0.3678428084952466,0.9996381201538409,0.6321571915047535
13.75,1.0,0.36889579875670464,0.9996369653700796,0.6311042012432954
13.8,1.0,0.3699470321178502,0.999635815444027,0.6300529678821498
13.850000000000001,1.0,0.3709965115149249,0.999634670362685,0.629003488485075
13.9,1.0,0.37204423987925517,0.9996335301130854,0.6279557601207448
13.950000000000001,1.0,0.37309022013726023,0.9996323946822898,0.6269097798627398
14.0,1.0,0.37413445521046046,0.9996312640573894,0.6258655447895396
14.05,1.0,0.3751769480154855,0.9996301382255051,0.6248230519845145
14.100000000000001,1.0,0.3762177014640827,0.9996290171737876,0.6237822985359174
14.15,1.0,0.3772567184631249,0.9996279008894169,0.6227432815368751
14.200000000000001,1.0,0.37829400191461904,0.9996267893596027,0.621705998085381
14.25,1.0,0.379329554715714,0.9996256825715842,0.6206704452842859
14.3,1.0,0.3803633797587089,0.9996245805126297,0.6196366202412911
14.350000000000001,1.0,0.3813954799310611,0.999623483170037,0.618604520068939
14.4,1.0,0.38242585811539453,0.9996223905311331,0.6175741418846055
14.450000000000001,1.0,0.3834545171895077,0.999621302583274,0.6165454828104924
14.5,1.0,0.38448146002638156,0.999620219313845,0.6155185399736185
14.55,1.0,0.38550668949418804,0.9996191407102606,0.6144933105058119
14.600000000000001,1.0,0.38653020845629765,0.9996180667599637,0.6134697915437024
14.65,1.0,0.3875520197712879,0.999616997450427,0.6124479802287122
14.700000000000001,1.0,0.388572126292951,0.9996159327691512,0.611427873707049
14.75,1.0,0.3895905308703022,0.9996148727036664,0.6104094691296977
14.8,1.0,0.3906072363475876,0.9996138172415314,0.6093927636524124
14.850000000000001,1.0,0.39162224556429215,0.9996127663703334,0.6083777544357079
14.9,1.0,0.3926355613551478,0.9996117200776884,0.6073644386448522
14.950000000000001,1.0,0.3936471865501413,0.9996106783512408,0.6063528134498587
15.0,1.0,0.3946571239745222,0.9996096411786637,0.6053428760254778
15.05,1.0,0.3956653764488107,0.9996086085476585,0.6043346235511893
15.100000000000001,1.0,0.39667194678880596,0.9996075804459554,0.603328053211194
15.15,1.0,0.3976768378055935,0.9996065568613122,0.6023231621944065
15.200000000000001,1.0,0.39868005230555337,0.9996055377815154,0.6013199476944466
15.25,1.0,0.3996815930903681,0.9996045231943795,0.6003184069096319
15.3,1.0,0.4006814629570304,0.9996035130877475,0.5993185370429697
15.350000000000001,1.0,0.40167966469785116,0.9996025074494903,0.5983203353021489
15.4,1.0,0.40267620110046726,0.9996015062675063,0.5973237988995328
15.450000000000001,1.0,0.4036710749478494,0.9996005095297229,0.5963289250521506
15.5,1.0,0.4046642890183098,0.9995995172240942,0.5953357109816901
15.55,1.0,0.4056558460855103,0.9995985293386032,0.5943441539144897
15.600000000000001,1.0,0.4066457489184699,0.9995975458612603,0.5933542510815302
15.65,1.0,0.4076340002815726,0.9995965667801032,0.5923659997184274
15.700000000000001,1.0,0.4086206029345753,0.9995955920831978,0.5913793970654246
15.75,1.0,0.4096055596326154,0.9995946217586376,0.5903944403673846
15.8,1.0,0.4105888731262186,0.9995936557945431,0.5894111268737814
15.850000000000001,1.0,0.41157054616130667,0.9995926941790628,0.5884294538386934
15.9,1.0,0.4125505814792051,0.9995917369003726,0.5874494185207949
15.950000000000001,1.0,0.4135289818166509,0.9995907839466754,0.5864710181833491
16.0,1.0,0.41450574990580014,0.9995898353062019,0.5854942500941999
16.05,1.0,0.4154808884742358,0.9995888909672097,0.5845191115257642
16.1,1.0,0.4164544002449754,0.9995879509179836,0.5835455997550246
16.150000000000002,1.0,0.41742628793647846,0.9995870151468358,0.5825737120635215
16.2,1.0,0.4183965542626545,0.9995860836421051,0.5816034457373456
16.25,1.0,0.4193652019328703,0.9995851563921581,0.5806347980671297
16.3,1.0,0.4203322336519578,0.9995842333853875,0.5796677663480422
16.35,1.0,0.4212976521202216,0.9995833146102133,0.5787023478797784
16.400000000000002,1.0,0.42226146003344633,0.9995824000550825,0.5777385399665537
16.45,1.0,0.4232236600829047,0.9995814897084687,0.5767763399170953
16.5,1.0,0.4241842549553646,0.9995805835588722,0.5758157450446354
16.55,1.0,0.42514324733309705,0.99957968159482,0.574856752666903
16.6,1.0,0.42610063989388336,0.9995787838048658,0.5738993601061166
16.650000000000002,1.0,0.4270564353110229,0.9995778901775896,0.5729435646889771
16.7,1.0,0.4280106362533405,0.9995770007015984,0.5719893637466595
16.75,1.0,0.42896324538519415,0.9995761153655253,0.5710367546148059
16.8,1.0,0.4299142653664822,0.9995752341580295,0.5700857346335177
16.85,1.0,0.4308636988526511,0.9995743570677973,0.5691363011473489
16.900000000000002,1.0,0.43181154849470255,0.9995734840835407,0.5681884515052975
16.95,1.0,0.43275781693920135,0.9995726151939981,0.5672421830607987
17.0,1.0,0.43370250682828254,0.999571750387934,0.5662974931717175
17.05,1.0,0.43464562079965896,0.999570889654139,0.565354379200341
17.1,1.0,0.43558716148662857,0.9995700329814298,0.5644128385133714
17.150000000000002,1.0,0.4365271315180819,0.9995691803586491,0.5634728684819181
17.2,1.0,0.4374655335185096,0.9995683317746658,0.5625344664814904
17.25,1.0,0.43840237010800936,0.9995674872183737,0.5615976298919907
17.3,1.0,0.43933764390229385,0.9995666466786941,0.5606623560977062
17.35,1.0,0.44027135751269764,0.9995658101445724,0.5597286424873024
17.400000000000002,1.0,0.44120351354618476,0.9995649776049808,0.5587964864538153
17.45,1.0,0.44213411460535595,0.9995641490489167,0.5578658853946441
17.5,1.0,0.443063163288456,0.9995633244654032,0.5569368367115439
17.55,1.0,0.44399066218938105,0.999562503843489,0.556009337810619
17.6,1.0,0.44491661389768583,0.9995616871722484,0.5550833861023141
17.650000000000002,1.0,0.44584102099859096,0.9995608744407807,0.554158979001409
17.7,1.0,0.44676388607299033,0.9995600656382113,0.5532361139270097
17.75,1.0,0.4476852116974582,0.9995592607536903,0.5523147883025419
17.8,1.0,0.4486050004442564,0.9995584597763933,0.5513949995557437
17.85,1.0,0.4495232548813418,0.9995576626955214,0.5504767451186582
17.900000000000002,1.0,0.4504399775723734,0.9995568695003003,0.5495600224276266
17.95,1.0,0.4513551710767194,0.9995560801799814,0.5486448289232806
18.0,1.0,0.4522688379494646,0.999555294723841,0.5477311620505354
18.05,1.0,0.45318098074141744,0.99955451312118,0.5468190192585826
18.1,1.0,0.4540916019991173,0.9995537353613249,0.5459083980008828
18.150000000000002,1.0,0.45500070426484146,0.9995529614336265,0.5449992957351586
18.2,1.0,0.4559082900766125,0.999552191327461,0.5440917099233875
18.25,1.0,0.4568143619682052,0.9995514250322288,0.5431856380317948
18.3,1.0,0.45771892246915374,0.9995506625373558,0.5422810775308462
18.35,1.0,0.45862197410475897,0.9995499038322919,0.541378025895241
18.400000000000002,1.0,0.4595235193960952,0.999549148906512,0.5404764806039049
18.45,1.0,0.46042356086001757,0.9995483977495159,0.5395764391399824
18.5,1.0,0.46132210100916893,0.9995476503508267,0.5386778989908311
18.55,1.0,0.46221914235198697,0.9995469066999934,0.537780857648013
18.6,1.0,0.4631146873927113,0.9995461667865887,0.5368853126072888
18.650000000000002,1.0,0.4640087386313904,0.9995454306002101,0.5359912613686095
18.7,1.0,0.4649012985638889,0.9995446981304784,0.535098701436111
18.75,1.0,0.46579236968189414,0.99954396936704,0.5342076303181058
18.8,1.0,0.4666819544729236,0.9995432442995651,0.5333180455270764
18.85,1.0,0.46757005542033164,0.9995425229177475,0.5324299445796683
18.900000000000002,1.0,0.4684566750033166,0.9995418052113054,0.5315433249966834
18.95,1.0,0.46934181569692773,0.9995410911699817,0.5306581843030722
19.0,1.0,0.4702254799720721,0.9995403807835422,0.5297745200279279
19.05,1.0,0.4711076702955216,0.9995396740417778,0.5288923297044784
19.1,1.0,0.47198838912991986,0.9995389709345024,0.5280116108700801
19.150000000000002,1.0,0.47286763893378925,0.9995382714515543,0.5271323610662108
19.200000000000003,1.0,0.4737454221615376,0.9995375755827953,0.5262545778384624
19.25,1.0,0.47462174126346524,0.9995368833181111,0.5253782587365348
19.3,1.0,0.4754965986857718,0.999536194647411,0.5245034013142282
19.35,1.0,0.47636999687056325,0.9995355095606282,0.5236300031294367
19.400000000000002,1.0,0.47724193825585853,0.999534828047719,0.5227580617441414
19.450000000000003,1.0,0.47811242527559655,0.9995341500986639,0.5218875747244034
19.5,1.0,0.478981460359643,0.9995334757034666,0.521018539640357
19.55,1.0,0.4798490459337972,0.9995328048521541,0.5201509540662028
19.6,1.0,0.4807151844197988,0.999532137534777,0.5192848155802012
19.650000000000002,1.0,0.4815798782353348,0.9995314737414089,0.5184201217646651
19.700000000000003,1.0,0.4824431297940462,0.9995308134621473,0.5175568702059539
19.75,1.0,0.48330494150553466,0.9995301566871126,0.5166950584944654
19.8,1.0,0.48416531577536953,0.9995295034064483,0.5158346842246304
19.85,1.0,0.48502425500509444,0.9995288536103211,0.5149757449949055
19.900000000000002,1.0,0.4858817615922342,0.9995282072889209,0.5141182384077658
19.950000000000003,1.0,0.48673783793030123,0.9995275644324608,0.5132621620696988
20.0,1.0,0.4875924864088027,0.9995269250311767,0.5124075135911973
20.05,1.0,0.4884457094132469,0.9995262890753271,0.5115542905867532
20.1,1.0,0.48929750932515015,0.9995256565551942,0.5107024906748499
20.150000000000002,1.0,0.4901478885220434,0.9995250274610823,0.5098521114779566
20.200000000000003,1.0,0.49099684937747884,0.999524401783319,0.5090031506225212
20.25,1.0,0.4918443942610368,0.9995237795122545,0.5081556057389631
20.3,1.0,0.4926905255383322,0.9995231606382613,0.5073094744616677
20.35,1.0,0.4935352455710212,0.9995225451517354,0.5064647544289789
20.400000000000002,1.0,0.49437855671680797,0.9995219330430949,0.505621443283192
20.450000000000003,1.0,0.49522046132945124,0.9995213243027801,0.5047795386705487
20.5,1.0,0.4960609617587709,0.9995207189212543,0.5039390382412291
20.55,1.0,0.49690006035065465,0.9995201168890033,0.5030999396493454
20.6,1.0,0.49773775944706444,0.9995195181965353,0.5022622405529356
20.650000000000002,1.0,0.4985740613860433,0.9995189228343804,0.5014259386139567
20.700000000000003,1.0,0.49940896850172173,0.9995183307930914,0.5005910314982782
20.75,1.0,0.5002424831243243,0.9995177420632434,0.4997575168756757
20.8,1.0,0.5010746075801762,0.9995171566354337,0.4989253924198238
20.85,1.0,0.5019053441917097,0.9995165745002814,0.49809465580829027
20.900000000000002,1.0,0.5027346952774709,0.9995159956484284,0.49726530472252906
20.950000000000003,1.0,0.503562663152126,0.9995154200705381,0.49643733684787394
21.0,1.0,0.504389250126468,0.999514847757296,0.49561074987353204
21.05,1.0,0.5052144585074229,0.99951427869941,0.49478554149257714
21.1,1.0,0.5060382905980565,0.9995137128876094,0.4939617094019435
21.150000000000002,1.0,0.5068607486975808,0.9995131503126456,0.4931392513024192
21.200000000000003,1.0,0.5076818351013603,0.999512590965292,0.49231816489863967
21.25,1.0,0.5085015521009186,0.9995120348363435,0.49149844789908137
21.3,1.0,0.5093199019839448,0.9995114819166171,0.49068009801605517
21.35,1.0,0.5101368870342998,0.999510932196951,0.4898631129657002
21.400000000000002,1.0,0.510952509532023,0.9995103856682055,0.489047490467977
21.450000000000003,1.0,0.5117667717533384,0.9995098423212623,0.4882332282466616
21.5,1.0,0.5125796759706612,0.9995093021470246,0.48742032402933877
21.55,1.0,0.5133912244526042,0.9995087651364173,0.4866087755473958
21.6,1.0,0.5142014194639839,0.9995082312803867,0.4857985805360161
21.650000000000002,1.0,0.5150102632658271,0.9995077005699003,0.4849897367341729
21.700000000000003,1.0,0.5158177581153773,0.9995071729959474,0.48418224188462267
21.75,1.0,0.5166239062661009,0.9995066485495382,0.4833760937338991
21.8,1.0,0.5174287099676935,0.9995061272217045,0.4825712900323065
21.85,1.0,0.5182321714660866,0.999505609003499,0.4817678285339134
21.900000000000002,1.0,0.519034293003453,0.9995050938859958,0.48096570699654695
21.950000000000003,1.0,0.5198350768182144,0.9995045818602902,0.4801649231817856
22.0,1.0,0.5206345251450465,0.9995040729174985,0.4793654748549535
22.05,1.0,0.521432640214886,0.999503567048758,0.478567359785114
22.1,1.0,0.5222294242549366,0.999503064245227,0.47777057574506343
22.150000000000002,1.0,0.5230248794886752,0.9995025644980848,0.47697512051132485
22.200000000000003,1.0,0.5238190081358582,0.9995020677985318,0.47618099186414176
22.25,1.0,0.5246118124125281,0.999501574137789,0.4753881875874719
22.3,1.0,0.5254032945310191,0.9995010835070982,0.4745967054689809
22.35,1.0,0.5261934566999635,0.9995005958977222,0.47380654330003646
22.400000000000002,1.0,0.5269823011242986,0.9995001113009445,0.47301769887570144
22.450000000000003,1.0,0.5277698300052716,0.999499629708069,0.47223016999472844
22.5,1.0,0.5285560455404468,0.9994991511104206,0.4714439544595532
22.55,1.0,0.5293409499237116,0.9994986754993447,0.4706590500762884
22.6,1.0,0.5301245453452824,0.9994982028662069,0.4698754546547176
22.650000000000002,1.0,0.5309068339917109,0.999497733202394,0.4690931660082891
22.700000000000003,1.0,0.5316878180458903,0.9994972664993127,0.46831218195410973
22.75,1.0,0.5324674996870611,0.9994968027483901,0.4675325003129389
22.8,1.0,0.5332458810908177,0.9994963419410742,0.4667541189091823
22.85,1.0,0.5340229644291145,0.9994958840688328,0.46597703557088554
22.900000000000002,1.0,0.5347987518702711,0.9994954291231543,0.46520124812972885
22.950000000000003,1.0,0.5355732455789799,0.9994949770955471,0.4644267544210201
23.0,1.0,0.5363464477163108,0.9994945279775401,0.4636535522836892
23.05,1.0,0.5371183604397181,0.999494081760682,0.46288163956028194
23.1,1.0,0.5378889859030461,0.9994936384365418,0.4621110140969539
23.150000000000002,1.0,0.5386583262565355,0.9994931979967087,0.46134167374346446
23.200000000000003,1.0,0.5394263836468293,0.9994927604327917,0.46057361635317073
23.25,1.0,0.5401931602169786,0.9994923257364199,0.4598068397830214
23.3,1.0,0.540958658106449,0.9994918938992422,0.45904134189355095
23.35,1.0,0.5417228794511265,0.9994914649129276,0.4582771205488735
23.400000000000002,1.0,0.5424858263833232,0.9994910387691649,0.4575141736166768
23.450000000000003,1.0,0.5432475010317838,0.9994906154596627,0.45675249896821624
23.5,1.0,0.5440079055216911,0.9994901949761491,0.4559920944783089
23.55,1.0,0.5447670419746722,0.9994897773103723,0.4552329580253278
23.6,1.0,0.5455249125088045,0.9994893624541,0.4544750874911955
23.650000000000002,1.0,0.5462815192386217,0.9994889503991197,0.45371848076137833
23.700000000000003,1.0,0.5470368642751193,0.9994885411372382,0.45296313572488067
23.75,1.0,0.5477909497257613,0.999488134660282,0.45220905027423874
23.8,1.0,0.5485437776944851,0.9994877309600971,0.45145622230551485
23.85,1.0,0.5492953502817086,0.9994873300285491,0.4507046497182914
23.900000000000002,1.0,0.550045669584335,0.9994869318575227,0.449954330415665
23.950000000000003,1.0,0.5507947376957593,0.9994865364389224,0.44920526230424074
24.0,1.0,0.5515425567058742,0.9994861437646718,0.44845744329412585
24.05,1.0,0.5522891287010756,0.9994857538267138,0.4477108712989244
24.1,1.0,0.5530344557642688,0.9994853666170106,0.4469655442357312
24.150000000000002,1.0,0.5537785399748743,0.9994849821275437,0.44622146002512575
24.200000000000003,1.0,0.5545213834088333,0.9994846003503134,0.4454786165911667
24.25,1.0,0.5552629881386141,0.9994842212773396,0.4447370118613859
24.3,1.0,0.5560033562332175,0.9994838449006611,0.4439966437667825
24.35,1.0,0.5567424897581827,0.9994834712123356,0.44325751024181725
24.400000000000002,1.0,0.5574803907755932,0.9994831002044401,0.4425196092244068
24.450000000000003,1.0,0.5582170613440823,0.9994827318690703,0.44178293865591767
24.5,1.0,0.5589525035188394,0.9994823661983411,0.4410474964811606
24.55,1.0,0.5596867193516153,0.999482003184386,0.4403132806483847
24.6,1.0,0.5604197108907282,0.9994816428193574,0.4395802891092718
24.650000000000002,1.0,0.5611514801810693,0.9994812850954266,0.4388485198189307
24.700000000000003,1.0,0.5618820292641088,0.9994809300047837,0.4381179707358912
24.75,1.0,0.5626113601779014,0.9994805775396374,0.43738863982209863
24.8,1.0,0.5633394749570919,0.999480227692215,0.4366605250429081
24.85,1.0,0.5640663756329214,0.9994798804547627,0.4359336243670786
24.900000000000002,1.0,0.5647920642332325,0.999479535819545,0.43520793576676753
24.950000000000003,1.0,0.5655165427824752,0.9994791937788452,0.4344834572175248
25.0,1.0,0.5662398133017127,0.999478854324965,0.4337601866982873
25.05,1.0,0.5669618778086268,0.9994785174502246,0.43303812219137316
25.1,1.0,0.567682738317524,0.9994781831469628,0.432317261682476
25.150000000000002,1.0,0.5684023968393407,0.9994778514075364,0.4315976031606593
25.200000000000003,1.0,0.569120855381649,0.9994775222243208,0.430879144618351
25.25,1.0,0.5698381159486625,0.9994771955897097,0.4301618840513375
25.3,1.0,0.5705541805412416,0.9994768714961151,0.42944581945875837
25.35,1.0,0.5712690511568995,0.9994765499359672,0.4287309488431005
25.400000000000002,1.0,0.5719827297898076,0.9994762309017146,0.4280172702101924
25.450000000000003,1.0,0.572695218430801,0.9994759143858235,0.42730478156919904
25.5,1.0,0.5734065190673843,0.9994756003807788,0.42659348093261573
25.55,1.0,0.5741166336837371,0.9994752888790831,0.4258833663162629
25.6,1.0,0.5748255642607196,0.9994749798732574,0.4251744357392804
25.650000000000002,1.0,0.5755333127758782,0.9994746733558404,0.42446668722412184
25.700000000000003,1.0,0.5762398812034507,0.9994743693193887,0.4237601187965493
25.75,1.0,0.5769452715143725,0.9994740677564771,0.42305472848562753
25.8,1.0,0.5776494856762814,0.9994737686596981,0.4223505143237186
25.85,1.0,0.5783525256535237,0.999473472021662,0.4216474743464763
25.900000000000002,1.0,0.5790543934071595,0.9994731778349972,0.4209456065928405
25.950000000000003,1.0,0.5797550908949681,0.9994728860923495,0.42024490910503187
26.0,1.0,0.5804546200714538,0.9994725967863826,0.41954537992854624
26.05,1.0,0.581152982887851,0.9994723099097779,0.418847017112149
26.1,1.0,0.58185018129213,0.9994720254552342,0.41814981870787005
26.150000000000002,1.0,0.5825462172290022,0.9994717434154683,0.41745378277099776
26.200000000000003,1.0,0.583241092639926,0.9994714637832144,0.41675890736007404
26.25,1.0,0.5839348094631115,0.9994711865512241,0.4160651905368885
26.3,1.0,0.5846273696335268,0.9994709117122668,0.4153726303664732
26.35,1.0,0.5853187750829028,0.9994706392591289,0.41468122491709725
26.400000000000002,1.0,0.586009027739739,0.9994703691846148,0.41399097226026105
26.450000000000003,1.0,0.5866981295293087,0.9994701014815458,0.41330187047069133
26.5,1.0,0.5873860823736644,0.9994698361427605,0.4126139176263356
26.55,1.0,0.5880728881916435,0.9994695731611153,0.4119271118083565
26.6,1.0,0.5887585488988732,0.9994693125294835,0.41124145110112675
26.650000000000002,1.0,0.5894430664077763,0.9994690542407556,0.41055693359222367
26.700000000000003,1.0,0.5901264426275764,0.9994687982878395,0.4098735573724236
26.75,1.0,0.5908086794643033,0.9994685446636602,0.40919132053569673
26.8,1.0,0.591489778820798,0.9994682933611595,0.408510221179202
26.85,1.0,0.5921697425967188,0.9994680443732967,0.40783025740328116
26.900000000000002,1.0,0.5928485726885461,0.999467797693048,0.40715142731145393
26.950000000000003,1.0,0.5935262709895875,0.9994675533134065,0.40647372901041245
27.0,1.0,0.5942028393899839,0.9994673112273824,0.40579716061001614
27.05,1.0,0.5948782797767139,0.9994670714280028,0.4051217202232861
27.1,1.0,0.5955525940336,0.9994668339083116,0.40444740596640005
27.150000000000002,1.0,0.5962257840413129,0.9994665986613696,0.4037742159586871
27.200000000000003,1.0,0.5968978516773777,0.9994663656802545,0.40310214832262226
27.25,1.0,0.5975687988161789,0.9994661349580607,0.40243120118382114
27.3,1.0,0.598238627328965,0.9994659064878992,0.40176137267103496
27.35,1.0,0.598907339083855,0.9994656802628981,0.40109266091614504
27.400000000000002,1.0,0.5995749359458422,0.9994654562762018,0.4004250640541578
27.450000000000003,1.0,0.6002414197768008,0.9994652345209715,0.3997585802231992
27.5,1.0,0.6009067924354901,0.9994650149903849,0.39909320756450994
27.55,1.0,0.6015710557775603,0.9994647976776364,0.3984289442224397
27.6,1.0,0.6022342116555576,0.9994645825759368,0.39776578834444243
27.650000000000002,1.0,0.6028962619189292,0.9994643696785137,0.3971037380810708
27.700000000000003,1.0,0.6035572084140287,0.9994641589786105,0.3964427915859713
27.75,1.0,0.6042170529841211,0.9994639504694877,0.3957829470158789
27.8,1.0,0.6048757974693882,0.9994637441444217,0.39512420253061176
27.85,1.0,0.6055334437069337,0.9994635399967056,0.39446655629306626
27.900000000000002,1.0,0.6061899935307883,0.9994633380196485,0.3938100064692117
27.950000000000003,1.0,0.6068454487719146,0.999463138206576,0.3931545512280854
28.0,1.0,0.6074998112582128,0.9994629405508297,0.39250018874178716
28.05,1.0,0.6081530828145254,0.9994627450457678,0.3918469171854746
28.1,1.0,0.6088052652626424,0.9994625516847644,0.39119473473735755
28.150000000000002,1.0,0.6094563604213067,0.9994623604612096,0.3905436395786933
28.200000000000003,1.0,0.6101063701062187,0.9994621713685099,0.3898936298937813
28.25,1.0,0.6107552961300419,0.9994619844000875,0.38924470386995813
28.3,1.0,0.6114031403024074,0.999461799549381,0.3885968596975926
28.35,1.0,0.6120499044299198,0.9994616168098448,0.3879500955700802
28.400000000000002,1.0,0.6126955903161615,0.9994614361749492,0.3873044096838385
28.450000000000003,1.0,0.6133401997616982,0.9994612576381806,0.3866598002383018
28.5,1.0,0.6139837345640837,0.9994610811930411,0.3860162654359163
28.55,1.0,0.6146261965178653,0.9994609068330488,0.3853738034821347
28.6,1.0,0.6152675874145884,0.9994607345517375,0.3847324125854116
28.650000000000002,1.0,0.6159079090428019,0.9994605643426567,0.3840920909571981
28.700000000000003,1.0,0.6165471631880629,0.9994603961993719,0.3834528368119371
28.75,1.0,0.6171853516329419,0.9994602301154641,0.38281464836705814
28.8,1.0,0.6178224761570278,0.9994600660845303,0.3821775238429722
28.85,1.0,0.618458538536933,0.9994599041001827,0.381541461463067
28.900000000000002,1.0,0.6190935405462982,0.9994597441560493,0.38090645945370183
28.950000000000003,1.0,0.6197274839557972,0.9994595862457737,0.38027251604420276
29.0,1.0,0.6203603705331426,0.999459430363015,0.37963962946685736
29.05,1.0,0.6209922020430898,0.9994592765014477,0.3790077979569102
29.1,1.0,0.6216229802474426,0.999459124654762,0.37837701975255744
29.150000000000002,1.0,0.622252706905058,0.9994589748166636,0.37774729309494204
29.200000000000003,1.0,0.622881383771851,0.9994588269808731,0.377118616228149
29.25,1.0,0.6235090126007998,0.999458681141127,0.37649098739920017
29.3,1.0,0.6241355951419505,0.9994585372911768,0.3758644048580495
29.35,1.0,0.6247611331424219,0.9994583954247895,0.3752388668575781
29.400000000000002,1.0,0.6253856283464108,0.9994582555357474,0.37461437165358924
29.450000000000003,1.0,0.6260090824951965,0.9994581176178479,0.3739909175048035
29.5,1.0,0.626631497327146,0.9994579816649035,0.37336850267285404
29.55,1.0,0.6272528745777186,0.9994578476707421,0.3727471254222814
29.6,1.0,0.6278732159794711,0.9994577156292066,0.3721267840205289
29.650000000000002,1.0,0.6284925232620623,0.999457585534155,0.3715074767379377
29.700000000000003,1.0,0.6291107981522579,0.9994574573794603,0.3708892018477421
29.75,1.0,0.6297280423739359,0.9994573311590109,0.37027195762606413
29.8,1.0,0.6303442576480905,0.9994572068667097,0.36965574235190946
29.85,1.0,0.6309594456928379,0.9994570844964749,0.3690405543071621
29.900000000000002,1.0,0.6315736082234202,0.9994569640422394,0.36842639177657976
29.950000000000003,1.0,0.6321867469522111,0.9994568454979513,0.3678132530477889
30.0,1.0,0.6327988635887201,0.9994567288575734,0.36720113641127994
30.05,1.0,0.6334099598395974,0.9994566141150832,0.36659004016040264
30.1,1.0,0.6340200374086388,0.9994565012644733,0.36597996259136123
30.150000000000002,1.0,0.6346290979967906,0.9994563902997508,0.36537090200320943
30.200000000000003,1.0,0.6352371433021542,0.9994562812149377,0.3647628566978458
30.25,1.0,0.6358441750199907,0.9994561740040705,0.3641558249800093
30.3,1.0,0.636450194842726,0.9994560686612007,0.363549805157274
30.35,1.0,0.6370552044599554,0.9994559651803941,0.36294479554004455
30.400000000000002,1.0,0.6376592055584485,0.9994558635557315,0.36234079444155154
30.450000000000003,1.0,0.6382621998221533,0.9994557637813077,0.36173780017784674
30.5,1.0,0.6388641889322018,0.9994556658512327,0.36113581106779824
30.55,1.0,0.6394651745669141,0.9994555697596306,0.3605348254330859
30.6,1.0,0.6400651584018037,0.9994554755006401,0.35993484159819633
30.650000000000002,1.0,0.6406641421095813,0.9994553830684142,0.35933585789041866
30.700000000000003,1.0,0.6412621273601605,0.9994552924571205,0.3587378726398395
30.75,1.0,0.6418591158206618,0.9994552036609411,0.3581408841793382
30.8,1.0,0.6424551091554175,0.999455116674072,0.3575448908445825
30.85,1.0,0.6430501090259764,0.999455031490724,0.35694989097402363
30.900000000000002,1.0,0.6436441170911082,0.9994549481051218,0.35635588290889175
30.950000000000003,1.0,0.6442371350068089,0.9994548665115047,0.3557628649931911
31.0,1.0,0.6448291644263044,0.999454786704126,0.35517083557369555
31.05,1.0,0.645420207000056,0.9994547086772533,0.354579792999944
31.1,1.0,0.6460102643757645,0.9994546324251683,0.3539897356242355
31.150000000000002,1.0,0.6465993381983751,0.9994545579421669,0.3534006618016249
31.200000000000003,1.0,0.6471874301100821,0.999454485222559,0.35281256988991794
31.25,1.0,0.647774541750333,0.9994544142606686,0.352225458249667
31.3,1.0,0.6483606747558338,0.9994543450508337,0.3516393252441662
31.35,1.0,0.6489458307605531,0.9994542775874066,0.3510541692394469
31.400000000000002,1.0,0.6495300113957267,0.999454211864753,0.35046998860427325
31.450000000000003,1.0,0.6501132182898626,0.9994541478772532,0.34988678171013743
31.5,1.0,0.650695453068745,0.9994540856193009,0.349304546931255
31.55,1.0,0.6512767173554392,0.9994540250853039,0.34872328264456076
31.6,1.0,0.6518570127702963,0.999453966269684,0.3481429872297037
31.650000000000002,1.0,0.6524363409309573,0.9994539091668764,0.34756365906904274
31.700000000000003,1.0,0.6530147034523579,0.9994538537713304,0.3469852965476421
31.75,1.0,0.6535921019467331,0.9994538000775092,0.3464078980532669
31.8,1.0,0.6541685380236217,0.9994537480798894,0.34583146197637826
31.85,1.0,0.6547440132898706,0.9994536977729614,0.34525598671012936
31.900000000000002,1.0,0.6553185293496395,0.9994536491512295,0.3446814706503605
31.950000000000003,1.0,0.6558920878044054,0.9994536022092112,0.34410791219559456
32.0,1.0,0.6564646902529672,0.9994535569414379,0.34353530974703284
32.050000000000004,1.0,0.6570363382914497,0.9994535133424546,0.3429636617085503
32.1,1.0,0.6576070335133086,0.9994534714068196,0.3423929664866914
32.15,1.0,0.6581767775093349,0.9994534311291051,0.3418232224906651
32.2,1.0,0.6587455718676591,0.9994533925038966,0.34125442813234086
32.25,1.0,0.659313418173756,0.999453355525793,0.340686581826244
32.300000000000004,1.0,0.6598803180104488,0.9994533201894065,0.3401196819895512
32.35,1.0,0.6604462729579136,0.9994532864893629,0.3395537270420864
32.4,1.0,0.6610112845936842,0.9994532544203016,0.3389887154063158
32.45,1.0,0.6615753544926561,0.9994532239768749,0.33842464550734386
32.5,1.0,0.6621384842270913,0.9994531951537485,0.3378615157729087
32.550000000000004,1.0,0.6627006753666221,0.9994531679456016,0.33729932463337786
32.6,1.0,0.6632619294782564,0.9994531423471263,0.33673807052174365
32.65,1.0,0.663822248126381,0.9994531183530284,0.336177751873619
32.7,1.0,0.6643816328727671,0.9994530959580264,0.3356183671272329
32.75,1.0,0.6649400852765739,0.9994530751568524,0.3350599147234261
32.800000000000004,1.0,0.6654976068943533,0.9994530559442514,0.33450239310564667
32.85,1.0,0.6660541992800544,0.9994530383149813,0.3339458007199456
32.9,1.0,0.6666098639850273,0.9994530222638135,0.3333901360149727
32.95,1.0,0.6671646025580281,0.9994530077855321,0.3328353974419719
33.0,1.0,0.667718416545223,0.9994529948749347,0.332281583454777
33.050000000000004,1.0,0.6682713074901924,0.9994529835268311,0.33172869250980763
33.1,1.0,0.6688232769339355,0.9994529737360448,0.3311767230660645
33.15,1.0,0.6693743264148746,0.9994529654974118,0.3306256735851254
33.2,1.0,0.6699244574688594,0.9994529588057812,0.3300755425311406
33.25,1.0,0.6704736716291714,0.9994529536560149,0.3295263283708286
33.300000000000004,1.0,0.6710219704265278,0.9994529500429877,0.3289780295734722
33.35,1.0,0.6715693553890862,0.9994529479615871,0.32843064461091376
33.4,1.0,0.672115828042449,0.9994529474067135,0.32788417195755104
33.45,1.0,0.6726613899096671,0.99945294837328,0.32733861009033294
33.5,1.0,0.6732060425112446,0.9994529508562124,0.3267939574887554
33.550000000000004,1.0,0.6737497873651432,0.9994529548504495,0.32625021263485676
33.6,1.0,0.6742926259867862,0.9994529603509423,0.3257073740132138
33.65,1.0,0.6748345598890626,0.9994529673526548,0.3251654401109374
33.7,1.0,0.6753755905823318,0.9994529758505633,0.32462440941766824
33.75,1.0,0.6759157195744273,0.9994529858396569,0.3240842804255727
33.800000000000004,1.0,0.6764549483706614,0.9994529973149373,0.32354505162933855
33.85,1.0,0.6769932784738294,0.9994530102714188,0.3230067215261706
33.9,1.0,0.6775307113842133,0.9994530247041278,0.3224692886157867
33.95,1.0,0.6780672485995864,0.9994530406081036,0.32193275140041355
34.0,1.0,0.6786028916152178,0.9994530579783978,0.3213971083847822
34.050000000000004,1.0,0.6791376419238759,0.9994530768100744,0.32086235807612407
34.1,1.0,0.6796715010158332,0.9994530970982098,0.3203284989841668
34.15,1.0,0.68020447037887,0.9994531188378929,0.31979552962113
34.2,1.0,0.6807365514982789,0.9994531420242246,0.31926344850172106
34.25,1.0,0.681267745856869,0.9994531666523185,0.318732254143131
34.300000000000004,1.0,0.6817980549349697,0.9994531927173004,0.3182019450650303
34.35,1.0,0.6823274802104352,0.999453220214308,0.3176725197895648
34.4,1.0,0.6828560231586487,0.9994532491384918,0.3171439768413513
34.45,1.0,0.6833836852525259,0.9994532794850138,0.3166163147474741
34.5,1.0,0.6839104679625201,0.999453311249049,0.3160895320374799
34.550000000000004,1.0,0.6844363727566255,0.9994533444257839,0.3155636272433745
34.6,1.0,0.6849614011003818,0.9994533790104174,0.31503859889961816
34.65,1.0,0.6854855544568781,0.9994534149981604,0.3145144455431219
34.7,1.0,0.686008834286757,0.999453452384236,0.31399116571324304
34.75,1.0,0.6865312420482188,0.9994534911638792,0.3134687579517812
34.800000000000004,1.0,0.6870527791970257,0.9994535313323369,0.3129472208029743
34.85,1.0,0.6875734471865054,0.9994535728848684,0.31242655281349463
34.9,1.0,0.6880932474675557,0.9994536158167445,0.31190675253244426
34.95,1.0,0.6886121814886486,0.9994536601232482,0.31138781851135144
35.0,1.0,0.6891302506958336,0.9994537057996743,0.31086974930416644
35.050000000000004,1.0,0.6896474565327427,0.9994537528413295,0.31035254346725727
35.1,1.0,0.690163800440594,0.9994538012435324,0.309836199559406
35.15,1.0,0.6906792838581957,0.9994538510016135,0.30932071614180434
35.2,1.0,0.6911939082219501,0.9994539021109149,0.30880609177804985
35.25,1.0,0.6917076749658582,0.9994539545667905,0.30829232503414183
35.300000000000004,1.0,0.6922205855215228,0.9994540083646061,0.30777941447847723
35.35,1.0,0.6927326413181532,0.999454063499739,0.30726735868184685
35.4,1.0,0.6932438437825689,0.9994541199675784,0.30675615621743113
35.45,1.0,0.6937541943392038,0.9994541777635251,0.3062458056607962
35.5,1.0,0.6942636944101102,0.9994542368829914,0.30573630558988985
35.550000000000004,1.0,0.6947723454149624,0.9994542973214016,0.30522765458503764
35.6,1.0,0.695280148771061,0.9994543590741911,0.30471985122893896
35.65,1.0,0.6957871058933373,0.9994544221368074,0.30421289410666275
35.7,1.0,0.6962932181943562,0.9994544865047089,0.3037067818056438
35.75,1.0,0.6967984870843212,0.9994545521733661,0.30320151291567876
35.800000000000004,1.0,0.6973029139710778,0.9994546191382605,0.3026970860289222
35.85,1.0,0.6978065002601175,0.9994546873948855,0.3021934997398825
35.9,1.0,0.6983092473545819,0.9994547569387456,0.3016907526454181
35.95,1.0,0.6988111566552665,0.9994548277653569,0.3011888433447335
36.0,1.0,0.6993122295606248,0.9994548998702468,0.3006877704393752
36.050000000000004,1.0,0.699812467466772,0.9994549732489542,0.30018753253322805
36.1,1.0,0.700311871767489,0.999455047897029,0.299688128232511
36.15,1.0,0.7008104438542265,0.9994551238100328,0.29918955614577347
36.2,1.0,0.7013081851161087,0.9994552009835381,0.2986918148838913
36.25,1.0,0.7018050969399371,0.9994552794131291,0.2981949030600629
36.300000000000004,1.0,0.7023011807101945,0.9994553590944008,0.29769881928980546
36.35,1.0,0.7027964378090491,0.9994554400229596,0.2972035621909509
36.4,1.0,0.703290869616358,0.9994555221944234,0.296709130383642
36.45,1.0,0.7037844775096714,0.9994556056044205,0.29621552249032856
36.5,1.0,0.7042772628642363,0.9994556902485909,0.2957227371357637
36.550000000000004,1.0,0.7047692270530003,0.9994557761225856,0.29523077294699973
36.6,1.0,0.7052603714466154,0.9994558632220667,0.29473962855338465
36.65,1.0,0.7057506974134422,0.9994559515427073,0.2942493025865578
36.7,1.0,0.7062402063195534,0.9994560410801914,0.2937597936804466
36.75,1.0,0.7067288995287379,0.9994561318302142,0.29327110047126215
36.800000000000004,1.0,0.7072167784025041,0.9994562237884819,0.2927832215974959
36.85,1.0,0.7077038443000844,0.9994563169507115,0.2922961556999156
36.9,1.0,0.7081900985784386,0.9994564113126311,0.2918099014215614
36.95,1.0,0.7086755425922578,0.9994565068699794,0.29132445740774215
37.0,1.0,0.7091601776939682,0.9994566036185064,0.2908398223060318
37.050000000000004,1.0,0.7096440052337349,0.9994567015539727,0.29035599476626506
37.1,1.0,0.7101270265594656,0.9994568006721497,0.2898729734405344
37.15,1.0,0.7106092430168145,0.99945690096882,0.2893907569831855
37.2,1.0,0.7110906559491861,0.9994570024397764,0.2889093440508139
37.25,1.0,0.7115712666977388,0.9994571050808229,0.28842873330226115
37.300000000000004,1.0,0.7120510766013889,0.9994572088877739,0.2879489233986111
37.35,1.0,0.712530086996814,0.9994573138564549,0.28746991300318603
37.4,1.0,0.7130082992184571,0.9994574199827018,0.2869917007815429
37.45,1.0,0.7134857145985303,0.9994575272623613,0.2865142854014697
37.5,1.0,0.7139623344670182,0.9994576356912905,0.2860376655329818
37.550000000000004,1.0,0.714438160151682,0.9994577452653576,0.28556183984831796
37.6,1.0,0.7149131929780633,0.9994578559804409,0.2850868070219367
37.65,1.0,0.7153874342694873,0.9994579678324295,0.28461256573051275
37.7,1.0,0.7158608853470668,0.9994580808172231,0.2841391146529332
37.75,1.0,0.7163335475297062,0.9994581949307317,0.28366645247029376
37.800000000000004,1.0,0.7168054221341048,0.9994583101688761,0.2831945778658952
37.85,1.0,0.7172765104747606,0.9994584265275873,0.2827234895252394
37.9,1.0,0.717746813863974,0.999458544002807,0.282253186136026
37.95,1.0,0.7182163336118516,0.999458662590487,0.28178366638814845
38.0,1.0,0.7186850710263094,0.9994587822865897,0.2813149289736906
38.050000000000004,1.0,0.7191530274130774,0.999458903087088,0.2808469725869226
38.1,1.0,0.7196202040757023,0.9994590249879648,0.28037979592429774
38.15,1.0,0.7200866023155514,0.9994591479852137,0.27991339768444856
38.2,1.0,0.7205522234318169,0.9994592720748386,0.2794477765681831
38.25,1.0,0.7210170687215186,0.9994593972528535,0.2789829312784814
38.300000000000004,1.0,0.7214811394795082,0.9994595235152826,0.2785188605204918
38.35,1.0,0.7219444369984727,0.9994596508581605,0.27805556300152734
38.400000000000006,1.0,0.7224069625689378,0.9994597792775319,0.27759303743106223
38.45,1.0,0.722868717479272,0.9994599087694519,0.27713128252072805
38.5,1.0,0.7233297030156898,0.9994600393299856,0.2766702969843102
38.550000000000004,1.0,0.7237899204622557,0.9994601709552083,0.27621007953774435
38.6,1.0,0.7242493711008873,0.9994603036412054,0.2757506288991127
38.650000000000006,1.0,0.7247080562113593,0.9994604373840723,0.27529194378864075
38.7,1.0,0.7251659770713068,0.9994605721799147,0.2748340229286932
38.75,1.0,0.7256231349562294,0.9994607080248483,0.27437686504377057
38.800000000000004,1.0,0.7260795311394941,0.9994608449149986,0.2739204688605059
38.85,1.0,0.7265351668923391,0.9994609828465015,0.2734648331076609
38.900000000000006,1.0,0.7269900434838777,0.9994611218155026,0.27300995651612225
38.95,1.0,0.7274441621811015,0.9994612618181575,0.27255583781889847
39.0,1.0,0.7278975242488841,0.9994614028506319,0.2721024757511159
39.050000000000004,1.0,0.7283501309499845,0.9994615449091012,0.27164986905001554
39.1,1.0,0.7288019835450508,0.9994616879897509,0.27119801645494923
39.150000000000006,1.0,0.7292530832926236,0.9994618320887761,0.2707469167073764
39.2,1.0,0.7297034314491398,0.9994619772023823,0.27029656855086015
39.25,1.0,0.7301530292689359,0.9994621233267842,0.2698469707310641
39.300000000000004,1.0,0.7306018780042514,0.9994622704582066,0.26939812199574864
39.35,1.0,0.7310499789052324,0.999462418592884,0.2689500210947676
39.400000000000006,1.0,0.7314973332199354,0.9994625677270609,0.2685026667800646
39.45,1.0,0.7319439421943305,0.9994627178569914,0.26805605780566955
39.5,1.0,0.7323898070723048,0.9994628689789391,0.26761019292769517
39.550000000000004,1.0,0.7328349290956663,0.9994630210891775,0.2671650709043337
39.6,1.0,0.7332793095041468,0.99946317418399,0.26672069049585323
39.650000000000006,1.0,0.733722949535406,0.9994633282596692,0.26627705046459405
39.7,1.0,0.7341658504250345,0.9994634833125177,0.26583414957496554
39.75,1.0,0.7346080134065575,0.9994636393388474,0.26539198659344254
39.800000000000004,1.0,0.7350494397114382,0.9994637963349802,0.2649505602885618
39.85,1.0,0.7354901305690812,0.999463954297247,0.2645098694309188
39.900000000000006,1.0,0.7359300872068361,0.9994641132219889,0.26406991279316394
39.95,1.0,0.7363693108500006,0.999464273105556,0.26363068914999943
40.0,1.0,0.7368078027218244,0.9994644339443082,0.26319219727817555
40.050000000000004,1.0,0.7372455640435124,0.9994645957346145,0.2627544359564876
40.1,1.0,0.7376825960342279,0.9994647584728541,0.2623174039657721
40.150000000000006,1.0,0.7381188999110966,0.9994649221554148,0.2618811000889034
40.2,1.0,0.7385544768892093,0.9994650867786944,0.2614455231107907
40.25,1.0,0.7389893281816258,0.9994652523390997,0.26101067181837423
40.300000000000004,1.0,0.7394234549993781,0.9994654188330472,0.2605765450006219
40.35,1.0,0.7398568585514741,0.9994655862569626,0.2601431414485259
40.400000000000006,1.0,0.7402895400449004,0.9994657546072808,0.25971045995509956
40.45,1.0,0.7407215006846264,0.9994659238804463,0.2592784993153736
40.5,1.0,0.7411527416736069,0.9994660940729126,0.2588472583263931
40.550000000000004,1.0,0.7415832642127861,0.9994662651811428,0.2584167357872139
40.6,1.0,0.7420130695011008,0.999466437201609,0.2579869304988992
40.650000000000006,1.0,0.7424421587354836,0.9994666101307924,0.2575578412645164
40.7,1.0,0.7428705331108664,0.9994667839651838,0.25712946688913363
40.75,1.0,0.7432981938201837,0.999466958701283,0.2567018061798163
40.800000000000004,1.0,0.743725142054376,0.9994671343355988,0.256274857945624
40.85,1.0,0.7441513790023931,0.9994673108646491,0.25584862099760686
40.900000000000006,1.0,0.7445769058511974,0.9994674882849613,0.2554230941488026
40.95,1.0,0.7450017237857672,0.9994676665930717,0.25499827621423277
41.0,1.0,0.7454258339891001,0.9994678457855256,0.2545741660108999
41.050000000000004,1.0,0.7458492376422164,0.9994680258588775,0.25415076235778356
41.1,1.0,0.7462719359241622,0.9994682068096908,0.2537280640758378
41.150000000000006,1.0,0.7466939300120128,0.9994683886345381,0.2533060699879872
41.2,1.0,0.7471152210808761,0.9994685713300009,0.25288477891912386
41.25,1.0,0.7475358103038958,0.9994687548926694,0.2524641896961042
41.300000000000004,1.0,0.7479556988522545,0.9994689393191433,0.25204430114774545
41.35,1.0,0.7483748878951775,0.9994691246060308,0.2516251121048225
41.400000000000006,1.0,0.7487933785999354,0.9994693107499492,0.25120662140006456
41.45,1.0,0.7492111721318481,0.9994694977475246,0.25078882786815193
41.5,1.0,0.7496282696542873,0.9994696855953922,0.2503717303457127
41.550000000000004,1.0,0.7500446723286804,0.9994698742901958,0.24995532767131956
41.6,1.0,0.7504603813145136,0.9994700638285883,0.24953961868548635
41.650000000000006,1.0,0.7508753977693349,0.9994702542072309,0.24912460223066513
41.7,1.0,0.7512897228487573,0.9994704454227941,0.24871027715124272
41.75,1.0,0.7517033577064626,0.9994706374719571,0.24829664229353743
41.800000000000004,1.0,0.7521163034942041,0.9994708303514077,0.2478836965057959
41.85,1.0,0.7525285613618101,0.9994710240578425,0.24747143863818988
41.900000000000006,1.0,0.752940132457187,0.9994712185879668,0.24705986754281295
41.95,1.0,0.7533510179263225,0.9994714139384946,0.24664898207367747
42.0,1.0,0.753761218913289,0.9994716101061486,0.24623878108671104
42.050000000000004,1.0,0.7541707365602462,0.99947180708766,0.24582926343975375
42.1,1.0,0.7545795720074454,0.999472004879769,0.2454204279925546
42.150000000000006,1.0,0.7549877263932318,0.999472203479224,0.24501227360676825
42.2,1.0,0.7553952008540477,0.9994724028827823,0.24460479914595235
42.25,1.0,0.7558019965244362,0.9994726030872096,0.24419800347556375
42.300000000000004,1.0,0.7562081145370443,0.9994728040892803,0.24379188546295572
42.35,1.0,0.7566135560226255,0.9994730058857771,0.24338644397737452
42.400000000000006,1.0,0.7570183221100436,0.9994732084734915,0.2429816778899564
42.45,1.0,0.7574224139262755,0.9994734118492233,0.24257758607372448
42.5,1.0,0.7578258325964147,0.999473616009781,0.24217416740358533
42.550000000000004,1.0,0.7582285792436739,0.9994738209519811,0.24177142075632607
42.6,1.0,0.7586306549893889,0.9994740266726491,0.24136934501061114
42.650000000000006,1.0,0.7590320609530209,0.9994742331686185,0.2409679390469791
42.7,1.0,0.7594327982521604,0.9994744404367314,0.24056720174783963
42.75,1.0,0.7598328680025298,0.9994746484738383,0.2401671319974702
42.800000000000004,1.0,0.7602322713179869,0.999474857276798,0.23976772868201313
42.85,1.0,0.7606310093105277,0.9994750668424776,0.23936899068947226
42.900000000000006,1.0,0.7610290830902898,0.9994752771677525,0.23897091690971017
42.95,1.0,0.7614264937655552,0.9994754882495066,0.23857350623444484
43.0,1.0,0.7618232424427536,0.999475700084632,0.23817675755724643
43.050000000000004,1.0,0.7622193302264657,0.999475912670029,0.2377806697735343
43.1,1.0,0.7626147582194259,0.999476126002606,0.23738524178057407
43.150000000000006,1.0,0.7630095275225257,0.9994763400792801,0.2369904724774743
43.2,1.0,0.7634036392348165,0.9994765548969761,0.23659636076518353
43.25,1.0,0.7637970944535128,0.9994767704526273,0.23620290554648715
43.300000000000004,1.0,0.7641898942739956,0.9994769867431751,0.23581010572600436
43.35,1.0,0.764582039789815,0.9994772037655689,0.23541796021018502
43.400000000000006,1.0,0.7649735320926933,0.9994774215167666,0.23502646790730675
43.45,1.0,0.7653643722725283,0.9994776399937338,0.2346356277274717
43.5,1.0,0.7657545614173965,0.9994778591934446,0.2342454385826035
43.550000000000004,1.0,0.7661441006135556,0.9994780791128807,0.23385589938644435
43.6,1.0,0.7665329909454481,0.9994782997490322,0.23346700905455187
43.650000000000006,1.0,0.7669212334957038,0.9994785210988973,0.23307876650429615
43.7,1.0,0.7673088293451434,0.9994787431594822,0.23269117065485656
43.75,1.0,0.7676957795727812,0.9994789659278006,0.23230422042721877
43.800000000000004,1.0,0.7680820852558281,0.9994791894008749,0.2319179147441719
43.85,1.0,0.7684677474696946,0.999479413575735,0.2315322525303054
43.900000000000006,1.0,0.7688527672879941,0.999479638449419,0.23114723271200588
43.95,1.0,0.7692371457825458,0.9994798640189728,0.23076285421745424
44.0,1.0,0.7696208840233772,0.9994800902814502,0.23037911597662275
44.050000000000004,1.0,0.7700039830787282,0.9994803172339132,0.2299960169212718
44.1,1.0,0.7703864440150527,0.999480544873431,0.22961355598494726
44.150000000000006,1.0,0.7707682678970228,0.9994807731970813,0.2292317321029772
44.2,1.0,0.771149455787531,0.9994810022019496,0.22885054421246898
44.25,1.0,0.7715300087476937,0.9994812318851288,0.22846999125230627
44.300000000000004,1.0,0.7719099278368537,0.9994814622437199,0.22809007216314625
44.35,1.0,0.7722892141125837,0.9994816932748318,0.22771078588741633
44.400000000000006,1.0,0.7726678686306887,0.999481924975581,0.2273321313693113
44.45,1.0,0.7730458924452094,0.9994821573430914,0.22695410755479062
44.5,1.0,0.7734232866084249,0.9994823903744954,0.22657671339157515
44.550000000000004,1.0,0.7738000521708557,0.9994826240669326,0.22619994782914432
44.6,1.0,0.7741761901812668,0.9994828584175504,0.22582380981873318
44.650000000000006,1.0,0.7745517016866705,0.9994830934235037,0.22544829831332946
44.7,1.0,0.7749265877323294,0.9994833290819556,0.22507341226767064
44.75,1.0,0.7753008493617589,0.9994835653900762,0.22469915063824109
44.800000000000004,1.0,0.7756744876167311,0.9994838023450437,0.22432551238326892
44.85,1.0,0.7760475035372766,0.9994840399440437,0.22395249646272342
44.900000000000006,1.0,0.7764198981616882,0.9994842781842693,0.22358010183831178
44.95,1.0,0.7767916725265236,0.9994845170629215,0.2232083274734764
45.0,1.0,0.777162827666608,0.9994847565772086,0.22283717233339195
45.050000000000004,1.0,0.7775333646150376,0.9994849967243464,0.22246663538496236
45.1,1.0,0.7779032844031818,0.9994852375015585,0.2220967155968182
45.150000000000006,1.0,0.7782725880606867,0.9994854789060756,0.22172741193931333
45.2,1.0,0.7786412766154774,0.9994857209351363,0.22135872338452256
45.25,1.0,0.7790093510937616,0.9994859635859864,0.22099064890623843
45.300000000000004,1.0,0.7793768125200318,0.9994862068558793,0.22062318747996823
45.35,1.0,0.7797436619170686,0.9994864507420758,0.22025633808293144
45.400000000000006,1.0,0.7801099003059432,0.9994866952418439,0.21989009969405682
45.45,1.0,0.7804755287060207,0.9994869403524593,0.21952447129397934
45.5,1.0,0.7808405481349626,0.9994871860712051,0.21915945186503738
45.550000000000004,1.0,0.7812049596087299,0.9994874323953715,0.21879504039127007
45.6,1.0,0.7815687641415858,0.9994876793222564,0.21843123585841417
45.650000000000006,1.0,0.7819319627460984,0.9994879268491644,0.21806803725390156
45.7,1.0,0.7822945564331439,0.9994881749734084,0.21770544356685606
45.75,1.0,0.7826565462119092,0.9994884236923076,0.21734345378809083
45.800000000000004,1.0,0.7830179330898946,0.9994886730031892,0.21698206691010535
45.85,1.0,0.7833787180729171,0.9994889229033872,0.21662128192708285
45.900000000000006,1.0,0.7837389021651127,0.9994891733902431,0.21626109783488734
45.95,1.0,0.7840984863689393,0.9994894244611058,0.2159015136310607
46.0,1.0,0.78445747168518,0.999489676113331,0.21554252831482001
46.050000000000004,1.0,0.7848158591129452,0.9994899283442816,0.21518414088705484
46.1,1.0,0.7851736496496758,0.9994901811513283,0.21482635035032416
46.150000000000006,1.0,0.7855308442911462,0.9994904345318482,0.21446915570885383
46.2,1.0,0.7858874440314663,0.999490688483226,0.21411255596853374
46.25,1.0,0.7862434498630853,0.9994909430028535,0.21375655013691475
46.300000000000004,1.0,0.7865988627767937,0.9994911980881294,0.2134011372232063
46.35,1.0,0.7869536837617265,0.9994914537364596,0.21304631623827353
46.400000000000006,1.0,0.7873079138053657,0.9994917099452573,0.2126920861946343
46.45,1.0,0.7876615538935433,0.9994919667119424,0.2123384461064567
46.5,1.0,0.788014605010444,0.9994922240339422,0.21198539498955604
46.550000000000004,1.0,0.7883670681386077,0.9994924819086909,0.21163293186139231
46.6,1.0,0.7887189442589327,0.9994927403336294,0.21128105574106726
46.650000000000006,1.0,0.7890702343506782,0.9994929993062062,0.21092976564932175
46.7,1.0,0.789420939391467,0.9994932588238762,0.21057906060853304
46.75,1.0,0.7897710603572881,0.9994935188841017,0.21022893964271194
46.800000000000004,1.0,0.7901205982224998,0.9994937794843517,0.2098794017775002
46.85,1.0,0.7904695539598324,0.9994940406221025,0.20953044604016757
46.900000000000006,1.0,0.7908179285403908,0.9994943022948368,0.2091820714596092
46.95,1.0,0.7911657229336568,0.9994945645000445,0.20883427706634317
47.0,1.0,0.7915129381074928,0.9994948272352223,0.2084870618925072
47.050000000000004,1.0,0.7918595750281434,0.9994950904978739,0.20814042497185659
47.1,1.0,0.7922056346602391,0.9994953542855097,0.20779436533976092
47.150000000000006,1.0,0.7925511179667981,0.999495618595647,0.2074488820332019
47.2,1.0,0.7928960259092298,0.99949588342581,0.2071039740907702
47.25,1.0,0.793240359447337,0.9994961487735295,0.20675964055266305
47.300000000000004,1.0,0.7935841195393186,0.9994964146363435,0.20641588046068138
47.35,1.0,0.7939273071417727,0.9994966810117963,0.20607269285822727
47.400000000000006,1.0,0.7942699232096988,0.9994969478974393,0.2057300767903012
47.45,1.0,0.7946119686965006,0.9994972152908304,0.20538803130349936
47.5,1.0,0.794953444553989,0.9994974831895344,0.20504655544601103
47.550000000000004,1.0,0.7952943517323842,0.9994977515911228,0.20470564826761584
47.6,1.0,0.7956346911803188,0.9994980204931736,0.20436530881968118
47.650000000000006,1.0,0.7959744638448404,0.9994982898932717,0.20402553615515961
47.7,1.0,0.796313670671414,0.9994985597890087,0.203686329328586
47.75,1.0,0.796652312603925,0.9994988301779827,0.203347687396075
47.800000000000004,1.0,0.7969903905846815,0.9994991010577985,0.20300960941531854
47.85,1.0,0.7973279055544171,0.9994993724260676,0.20267209444558287
47.900000000000006,1.0,0.7976648584522937,0.9994996442804078,0.20233514154770627
47.95,1.0,0.798001250215904,0.9994999166184441,0.20199874978409604
48.0,1.0,0.7983370817812738,0.9995001894378074,0.20166291821872617
48.050000000000004,1.0,0.7986723540828653,0.9995004627361354,0.2013276459171347
48.1,1.0,0.799007068053579,0.9995007365110724,0.20099293194642098
48.150000000000006,1.0,0.7993412246247569,0.9995010107602694,0.20065877537524313
48.2,1.0,0.7996748247261846,0.9995012854813836,0.20032517527381544
48.25,1.0,0.8000078692860944,0.999501560672079,0.19999213071390565
48.300000000000004,1.0,0.8003403592311675,0.9995018363300257,0.19965964076883247
48.35,1.0,0.8006722954865371,0.9995021124529005,0.19932770451346293
48.400000000000006,1.0,0.8010036789757902,0.9995023890383867,0.19899632102420983
48.45,1.0,0.8013345106209708,0.9995026660841739,0.19866548937902917
48.5,1.0,0.8016647913425825,0.9995029435879583,0.1983352086574175
48.550000000000004,1.0,0.8019945220595907,0.9995032215474423,0.19800547794040935
48.6,1.0,0.8023237036894252,0.9995034999603348,0.19767629631057482
48.650000000000006,1.0,0.8026523371479833,0.9995037788243513,0.19734766285201666
48.7,1.0,0.802980423349632,0.9995040581372131,0.19701957665036796
48.75,1.0,0.8033079632072104,0.9995043378966484,0.19669203679278957
48.800000000000004,1.0,0.8036349576320324,0.9995046181003914,0.1963650423679676
48.85,1.0,0.8039614075338893,0.9995048987461826,0.19603859246611066
48.900000000000006,1.0,0.8042873138210525,0.9995051798317692,0.19571268617894755
48.95,1.0,0.8046126774002755,0.9995054613549044,0.19538732259972447
49.0,1.0,0.8049374991767974,0.9995057433133475,0.19506250082320264
49.050000000000004,1.0,0.8052617800543441,0.9995060257048644,0.19473821994565588
49.1,1.0,0.8055855209351322,0.999506308527227,0.19441447906486775
49.150000000000006,1.0,0.8059087227198707,0.9995065917782137,0.19409127728012932
49.2,1.0,0.8062313863077636,0.9995068754556088,0.1937686136922364
49.25,1.0,0.8065535125965126,0.9995071595572029,0.19344648740348735
49.300000000000004,1.0,0.8068751024823198,0.9995074440807931,0.19312489751768025
49.35,1.0,0.8071961568598895,0.9995077290241821,0.19280384314011045
49.400000000000006,1.0,0.8075166766224317,0.9995080143851791,0.19248332337756835
49.45,1.0,0.8078366626616637,0.9995083001615996,0.19216333733833635
49.5,1.0,0.808156115867813,0.9995085863512648,0.191843884132187
49.550000000000004,1.0,0.80847503712962,0.9995088729520024,0.19152496287038
49.6,1.0,0.80879342733434,0.999509159961646,0.19120657266566
49.650000000000006,1.0,0.8091112873677462,0.9995094473780355,0.19088871263225382
49.7,1.0,0.8094286181141316,0.9995097351990164,0.19057138188586842
49.75,1.0,0.8097454204563121,0.9995100234224408,0.19025457954368785
49.800000000000004,1.0,0.8100616952756285,0.9995103120461664,0.18993830472437145
49.85,1.0,0.8103774434519493,0.9995106010680572,0.1896225565480507
49.900000000000006,1.0,0.8106926658636727,0.9995108904859832,0.18930733413632728
49.95,1.0,0.8110073633877296,0.9995111802978203,0.1889926366122704
50.0,1.0,0.8113215368995859,0.9995114705014505,0.18867846310041414
50.050000000000004,1.0,0.8116351872732445,0.9995117610947616,0.18836481272675554
50.1,1.0,0.8119483153812485,0.9995120520756475,0.18805168461875155
50.150000000000006,1.0,0.812260922094683,0.9995123434420081,0.18773907790531696
50.2,1.0,0.8125730082831781,0.999512635191749,0.18742699171682187
50.25,1.0,0.8128845748149108,0.999512927322782,0.18711542518508917
50.300000000000004,1.0,0.8131956225566077,0.9995132198330244,0.1868043774433923
50.35,1.0,0.8135061523735474,0.9995135127203999,0.1864938476264526
50.400000000000006,1.0,0.8138161651295629,0.9995138059828377,0.1861838348704371
50.45,1.0,0.814125661687044,0.9995140996182729,0.18587433831295597
50.5,1.0,0.81443464290694,0.9995143936246467,0.18556535709306
50.550000000000004,1.0,0.8147431096487616,0.9995146879999058,0.18525689035123838
50.6,1.0,0.8150510627705837,0.999514982742003,0.1849489372294163
50.650000000000006,1.0,0.8153585031290476,0.9995152778488966,0.18464149687095244
50.7,1.0,0.8156654315793634,0.999515573318551,0.18433456842063656
50.75,1.0,0.8159718489753127,0.9995158691489362,0.18402815102468728
50.800000000000004,1.0,0.8162777561692506,0.9995161653380281,0.18372224383074942
50.85,1.0,0.8165831540121081,0.9995164618838082,0.18341684598789187
50.900000000000006,1.0,0.816888043353395,0.9995167587842637,0.18311195664660496
50.95,1.0,0.8171924250412017,0.9995170560373878,0.1828075749587983
51.0,1.0,0.8174962999222016,0.9995173536411791,0.18250370007779837
51.050000000000004,1.0,0.817799668841654,0.9995176515936421,0.182200331158346
51.1,1.0,0.8181025326434059,0.999517949892787,0.18189746735659407
51.150000000000006,1.0,0.8184048921698946,0.9995182485366294,0.18159510783010535
51.2,1.0,0.8187067482621502,0.9995185475231909,0.18129325173784983
51.25,1.0,0.8190081017597974,0.9995188468504985,0.18099189824020256
51.300000000000004,1.0,0.8193089535010587,0.9995191465165849,0.1806910464989413
51.35,1.0,0.8196093043227561,0.9995194465194885,0.18039069567724386
51.400000000000006,1.0,0.8199091550603136,0.9995197468572532,0.1800908449396864
51.45,1.0,0.8202085065477596,0.9995200475279286,0.17979149345224044
51.5,1.0,0.8205073596177292,0.9995203485295696,0.17949264038227075
51.550000000000004,1.0,0.8208057151014667,0.999520649860237,0.17919428489853328
51.6,1.0,0.8211035738288276,0.9995209515179971,0.1788964261711724
51.650000000000006,1.0,0.8214009366282811,0.9995212535009216,0.17859906337171894
51.7,1.0,0.8216978043269124,0.9995215558070877,0.17830219567308758
51.75,1.0,0.8219941777504252,0.9995218584345782,0.17800582224957484
51.800000000000004,1.0,0.8222900577231436,0.9995221613814814,0.17770994227685644
51.85,1.0,0.8225854450680148,0.9995224646458911,0.1774145549319852
51.900000000000006,1.0,0.8228803406066113,0.9995227682259066,0.1771196593933887
51.95,1.0,0.823174745159133,0.9995230721196324,0.17682525484086697
52.0,1.0,0.8234686595444097,0.9995233763251788,0.17653134045559027
52.050000000000004,1.0,0.8237620845799035,0.9995236808406615,0.17623791542009648
52.1,1.0,0.8240550210817107,0.9995239856642012,0.1759449789182893
52.150000000000006,1.0,0.8243474698645644,0.9995242907939245,0.17565253013543558
52.2,1.0,0.8246394317418367,0.9995245962279631,0.17536056825816326
52.25,1.0,0.8249309075255411,0.9995249019644543,0.1750690924744589
52.300000000000004,1.0,0.8252218980263344,0.9995252080015408,0.1747781019736656
52.35,1.0,0.8255124040535194,0.9995255143373702,0.17448759594648056
52.400000000000006,1.0,0.8258024264150471,0.999525820970096,0.17419757358495291
52.45,1.0,0.8260919659175184,0.9995261278978766,0.17390803408248157
52.5,1.0,0.8263810233661874,0.9995264351188761,0.17361897663381265
52.550000000000004,1.0,0.8266695995649624,0.9995267426312635,0.17333040043503756
52.6,1.0,0.8269576953164095,0.9995270504332134,0.1730423046835905
52.650000000000006,1.0,0.8272453114217536,0.9995273585229056,0.17275468857824638
52.7,1.0,0.8275324486808816,0.9995276668985252,0.1724675513191184
52.75,1.0,0.8278191078923439,0.9995279755582624,0.17218089210765608
52.800000000000004,1.0,0.8281052898533572,0.999528284500313,0.17189471014664282
52.85,1.0,0.8283909953598064,0.9995285937228774,0.17160900464019357
52.900000000000006,1.0,0.8286762252062471,0.9995289032241618,0.17132377479375294
52.95,1.0,0.8289609801859072,0.9995292130023774,0.17103901981409275
53.0,1.0,0.8292452610906903,0.9995295230557407,0.1707547389093097
53.050000000000004,1.0,0.8295290687111766,0.9995298333824731,0.1704709312888234
53.1,1.0,0.829812403836626,0.9995301439808015,0.17018759616337398
53.150000000000006,1.0,0.83009526725498,0.9995304548489578,0.16990473274502005
53.2,1.0,0.8303776597528636,0.9995307659851789,0.1696223402471364
53.25,1.0,0.8306595821155883,0.9995310773877071,0.16934041788441168
53.300000000000004,1.0,0.8309410351271537,0.9995313890547897,0.16905896487284633
53.35,1.0,0.8312220195702495,0.999531700984679,0.16877798042975045
53.400000000000006,1.0,0.8315025362262585,0.9995320131756328,0.16849746377374153
53.45,1.0,0.8317825858752579,0.9995323256259134,0.16821741412474212
53.5,1.0,0.8320621692960221,0.9995326383337886,0.16793783070397794
53.550000000000004,1.0,0.8323412872660245,0.9995329512975311,0.16765871273397548
53.6,1.0,0.8326199405614402,0.9995332645154186,0.16738005943855983
53.650000000000006,1.0,0.8328981299571473,0.9995335779857338,0.1671018700428527
53.7,1.0,0.83317585622673,0.9995338917067648,0.16682414377327004
53.75,1.0,0.8334531201424801,0.9995342056768042,0.16654687985751992
53.800000000000004,1.0,0.8337299224753996,0.9995345198941499,0.16627007752460043
53.85,1.0,0.8340062639952024,0.9995348343571048,0.1659937360047976
53.900000000000006,1.0,0.834282145470317,0.9995351490639766,0.16571785452968302
53.95,1.0,0.8345575676678882,0.9995354640130781,0.16544243233211176
54.0,1.0,0.8348325313537797,0.9995357792027271,0.16516746864622034
54.050000000000004,1.0,0.8351070372925754,0.999536094631246,0.1648929627074246
54.1,1.0,0.8353810862475827,0.9995364102969627,0.16461891375241733
54.150000000000006,1.0,0.8356546789808337,0.9995367261982094,0.16434532101916632
54.2,1.0,0.8359278162530879,0.9995370423333237,0.16407218374691213
54.25,1.0,0.8362004988238338,0.9995373587006477,0.16379950117616615
54.300000000000004,1.0,0.8364727274512916,0.9995376752985288,0.16352727254870836
54.35,1.0,0.836744502892415,0.9995379921253188,0.16325549710758502
54.400000000000006,1.0,0.8370158259028933,0.9995383091793748,0.16298417409710675
54.45,1.0,0.8372866972371535,0.9995386264590583,0.16271330276284646
54.5,1.0,0.8375571176483628,0.9995389439627361,0.16244288235163717
54.550000000000004,1.0,0.8378270878884302,0.9995392616887796,0.1621729121115698
54.6,1.0,0.8380966087080087,0.9995395796355648,0.16190339129199127
54.650000000000006,1.0,0.8383656808564979,0.9995398978014729,0.16163431914350213
54.7,1.0,0.8386343050820452,0.9995402161848896,0.16136569491795483
54.75,1.0,0.8389024821315487,0.9995405347842056,0.16109751786845128
54.800000000000004,1.0,0.8391702127506592,0.9995408535978161,0.16082978724934083
54.85,1.0,0.8394374976837816,0.9995411726241212,0.16056250231621838
54.900000000000006,1.0,0.8397043376740778,0.9995414918615259,0.16029566232592218
54.95,1.0,0.8399707334634684,0.9995418113084396,0.1600292665365316
55.0,1.0,0.8402366857926348,0.9995421309632765,0.15976331420736523
55.050000000000004,1.0,0.8405021954010211,0.9995424508244557,0.1594978045989789
55.1,1.0,0.8407672630268368,0.999542770890401,0.1592327369731632
55.150000000000006,1.0,0.841031889407058,0.9995430911595405,0.15896811059294202
55.2,1.0,0.8412960752774301,0.9995434116303076,0.1587039247225699
55.25,1.0,0.8415598213724697,0.9995437323011397,0.15844017862753035
55.300000000000004,1.0,0.8418231284254664,0.9995440531704793,0.15817687157453364
55.35,1.0,0.8420859971684852,0.9995443742367736,0.1579140028315148
55.400000000000006,1.0,0.8423484283323686,0.9995446954984739,0.15765157166763144
55.45,1.0,0.842610422646738,0.9995450169540366,0.15738957735326198
55.5,1.0,0.8428719808399967,0.9995453386019226,0.1571280191600033
55.550000000000004,1.0,0.843133103639331,0.9995456604405973,0.15686689636066897
55.6,1.0,0.843393791770713,0.9995459824685308,0.15660620822928695
55.650000000000006,1.0,0.8436540459589021,0.9995463046841976,0.15634595404109786
55.7,1.0,0.8439138669274474,0.999546627086077,0.1560861330725526
55.75,1.0,0.8441732553986894,0.9995469496726527,0.15582674460131063
55.800000000000004,1.0,0.8444322120937623,0.9995472724424129,0.1555677879062377
55.85,1.0,0.8446907377325957,0.9995475953938504,0.15530926226740427
55.900000000000006,1.0,0.8449488330339172,0.9995479185254627,0.1550511669660828
55.95,1.0,0.8452064987152536,0.9995482418357513,0.15479350128474645
56.0,1.0,0.8454637354929335,0.9995485653232229,0.15453626450706648
56.050000000000004,1.0,0.8457205440820893,0.999548888986388,0.1542794559179107
56.1,1.0,0.8459769251966588,0.9995492128237621,0.1540230748033412
56.150000000000006,1.0,0.8462328795493874,0.9995495368338648,0.15376712045061258
56.2,1.0,0.8464884078518304,0.9995498610152206,0.15351159214816956
56.25,1.0,0.8467435108143546,0.9995501853663579,0.15325648918564538
56.300000000000004,1.0,0.8469981891461403,0.9995505098858097,0.15300181085385967
56.35,1.0,0.8472524435551836,0.9995508345721138,0.1527475564448164
56.400000000000006,1.0,0.847506274748298,0.9995511594238119,0.15249372525170202
56.45,1.0,0.8477596834311165,0.9995514844394503,0.15224031656888348
56.5,1.0,0.8480126703080939,0.99955180961758,0.1519873296919061
56.550000000000004,1.0,0.8482652360825084,0.9995521349567558,0.15173476391749163
56.6,1.0,0.8485173814564634,0.9995524604555371,0.15148261854353662
56.650000000000006,1.0,0.84876910713089,0.999552786112488,0.15123089286910996
56.7,1.0,0.8490204138055488,0.9995531119261765,0.15097958619445118
56.75,1.0,0.8492713021790316,0.9995534378951751,0.15072869782096843
56.800000000000004,1.0,0.8495217729487633,0.9995537640180607,0.1504782270512367
56.85,1.0,0.8497718268110044,0.9995540902934144,0.15022817318899562
56.900000000000006,1.0,0.8500214644608524,0.9995544167198216,0.14997853553914764
56.95,1.0,0.850270686592244,0.9995547432958722,0.14972931340775597
57.0,1.0,0.8505194938979572,0.9995550700201602,0.14948050610204278
57.050000000000004,1.0,0.8507678870696128,0.9995553968912837,0.14923211293038718
57.1,1.0,0.8510158667976765,0.9995557239078454,0.1489841332023235
57.150000000000006,1.0,0.8512634337714611,0.9995560510684522,0.14873656622853892
57.2,1.0,0.8515105886791282,0.9995563783717152,0.1484894113208718
57.25,1.0,0.8517573322076901,0.9995567058162494,0.14824266779230988
57.300000000000004,1.0,0.8520036650430117,0.9995570334006747,0.14799633495698827
57.35,1.0,0.8522495878698128,0.9995573611236147,0.14775041213018725
57.400000000000006,1.0,0.8524951013716692,0.9995576889836973,0.14750489862833083
57.45,1.0,0.8527402062310157,0.9995580169795548,0.14725979376898435
57.5,1.0,0.852984903129147,0.9995583451098233,0.147015096870853
57.550000000000004,1.0,0.8532291927462203,0.9995586733731434,0.14677080725377967
57.6,1.0,0.8534730757612569,0.9995590017681597,0.14652692423874314
57.650000000000006,1.0,0.853716552852144,0.9995593302935211,0.14628344714785602
57.7,1.0,0.8539596246956369,0.9995596589478803,0.1460403753043631
57.75,1.0,0.8542022919673606,0.9995599877298947,0.14579770803263936
57.800000000000004,1.0,0.8544445553418121,0.9995603166382254,0.14555544465818793
57.85,1.0,0.8546864154923616,0.9995606456715377,0.14531358450763843
57.900000000000006,1.0,0.8549278730912552,0.9995609748285009,0.14507212690874483
57.95,1.0,0.855168928809616,0.9995613041077885,0.14483107119038396
58.0,1.0,0.8554095833174468,0.9995616335080784,0.14459041668255324
58.050000000000004,1.0,0.8556498372836311,0.9995619630280519,0.1443501627163689
58.1,1.0,0.8558896913759357,0.9995622926663948,0.14411030862406427
58.150000000000006,1.0,0.8561291462610122,0.9995626224217969,0.14387085373898778
58.2,1.0,0.8563682026043988,0.9995629522929521,0.14363179739560117
58.25,1.0,0.8566068610705224,0.9995632822785582,0.14339313892947758
58.300000000000004,1.0,0.8568451223227004,0.9995636123773171,0.14315487767729962
58.35,1.0,0.8570829870231425,0.9995639425879346,0.14291701297685755
58.400000000000006,1.0,0.8573204558329525,0.9995642729091206,0.14267954416704753
58.45,1.0,0.8575575294121301,0.9995646033395891,0.14244247058786985
58.5,1.0,0.8577942084195733,0.9995649338780579,0.14220579158042668
58.550000000000004,1.0,0.8580304935130795,0.9995652645232488,0.14196950648692053
58.6,1.0,0.8582663853493475,0.9995655952738876,0.14173361465065248
58.650000000000006,1.0,0.8585018845839798,0.999565926128704,0.1414981154160202
58.7,1.0,0.8587369918714839,0.9995662570864318,0.1412630081285161
58.75,1.0,0.8589717078652744,0.9995665881458086,0.14102829213472556
58.800000000000004,1.0,0.859206033217675,0.9995669193055758,0.14079396678232503
58.85,1.0,0.8594399685799197,0.9995672505644791,0.14056003142008033
58.900000000000006,1.0,0.8596735146021552,0.9995675819212679,0.14032648539784476
58.95,1.0,0.8599066719334428,0.9995679133746954,0.14009332806655717
59.0,1.0,0.8601394412217597,0.9995682449235187,0.13986055877824033
59.050000000000004,1.0,0.860371823114001,0.9995685765664989,0.13962817688599904
59.1,1.0,0.8606038182559816,0.999568908302401,0.13939618174401835
59.150000000000006,1.0,0.8608354272924383,0.9995692401299936,0.13916457270756166
59.2,1.0,0.861066650867031,0.9995695720480495,0.13893334913296895
59.25,1.0,0.8612974896223449,0.9995699040553451,0.13870251037765513
59.300000000000004,1.0,0.8615279441998921,0.9995702361506607,0.1384720558001079
59.35,1.0,0.8617580152401135,0.9995705683327802,0.13824198475988647
59.400000000000006,1.0,0.8619877033823808,0.9995709006004919,0.13801229661761916
59.45,1.0,0.8622170092649979,0.9995712329525873,0.1377829907350021
59.5,1.0,0.8624459335252027,0.999571565387862,0.1375540664747973
59.550000000000004,1.0,0.8626744767991692,0.9995718979051151,0.1373255232008308
59.6,1.0,0.8629026397220092,0.99957223050315,0.1370973602779908
59.650000000000006,1.0,0.8631304229277738,0.9995725631807734,0.13686957707222625
59.7,1.0,0.8633578270494554,0.9995728959367959,0.1366421729505446
59.75,1.0,0.8635848527189897,0.9995732287700319,0.13641514728101034
59.800000000000004,1.0,0.8638115005672569,0.9995735616792992,0.13618849943274314
59.85,1.0,0.8640377712240838,0.99957389466342,0.13596222877591624
59.900000000000006,1.0,0.8642636653182456,0.9995742277212196,0.1357363346817544
59.95,1.0,0.8644891834774677,0.9995745608515274,0.13551081652253227
60.0,1.0,0.8647143263284273,0.9995748940531761,0.13528567367157274
